-- phpMyAdmin SQL Dump
-- version 4.9.0.1
-- https://www.phpmyadmin.net/
--
-- Host: 127.0.0.1
-- Generation Time: Nov 25, 2019 at 04:56 AM
-- Server version: 10.4.6-MariaDB
-- PHP Version: 7.2.21

SET SQL_MODE = "NO_AUTO_VALUE_ON_ZERO";
SET AUTOCOMMIT = 0;
START TRANSACTION;
SET time_zone = "+00:00";


/*!40101 SET @OLD_CHARACTER_SET_CLIENT=@@CHARACTER_SET_CLIENT */;
/*!40101 SET @OLD_CHARACTER_SET_RESULTS=@@CHARACTER_SET_RESULTS */;
/*!40101 SET @OLD_COLLATION_CONNECTION=@@COLLATION_CONNECTION */;
/*!40101 SET NAMES utf8mb4 */;

--
-- Database: `db_laravel_api`
--

-- --------------------------------------------------------

--
-- Table structure for table `migrations`
--

CREATE TABLE `migrations` (
  `id` int(10) UNSIGNED NOT NULL,
  `migration` varchar(191) COLLATE utf8_unicode_ci NOT NULL,
  `batch` int(11) NOT NULL
) ENGINE=InnoDB DEFAULT CHARSET=utf8 COLLATE=utf8_unicode_ci;

--
-- Dumping data for table `migrations`
--

INSERT INTO `migrations` (`id`, `migration`, `batch`) VALUES
(5, '2014_10_12_000000_create_users_table', 1),
(6, '2014_10_12_100000_create_password_resets_table', 1),
(7, '2019_11_25_023858_create_products_table', 1),
(8, '2019_11_25_024002_create_reviews_table', 1);

-- --------------------------------------------------------

--
-- Table structure for table `password_resets`
--

CREATE TABLE `password_resets` (
  `email` varchar(191) COLLATE utf8_unicode_ci NOT NULL,
  `token` varchar(191) COLLATE utf8_unicode_ci NOT NULL,
  `created_at` timestamp NULL DEFAULT NULL
) ENGINE=InnoDB DEFAULT CHARSET=utf8 COLLATE=utf8_unicode_ci;

-- --------------------------------------------------------

--
-- Table structure for table `products`
--

CREATE TABLE `products` (
  `id` int(10) UNSIGNED NOT NULL,
  `name` varchar(191) COLLATE utf8_unicode_ci NOT NULL,
  `detail` text COLLATE utf8_unicode_ci NOT NULL,
  `price` int(11) NOT NULL,
  `stock` int(11) NOT NULL,
  `discount` int(11) NOT NULL,
  `created_at` timestamp NULL DEFAULT NULL,
  `updated_at` timestamp NULL DEFAULT NULL
) ENGINE=InnoDB DEFAULT CHARSET=utf8 COLLATE=utf8_unicode_ci;

--
-- Dumping data for table `products`
--

INSERT INTO `products` (`id`, `name`, `detail`, `price`, `stock`, `discount`, `created_at`, `updated_at`) VALUES
(1, 'ad', 'Eius quia est vero labore provident error. Dolores aut porro possimus quo mollitia. Molestiae dolores et animi cum perferendis doloremque et.', 682, 5, 11, '2019-11-24 20:51:16', '2019-11-24 20:51:16'),
(2, 'amet', 'Voluptatem voluptatem ut et dolorem atque necessitatibus unde. Quaerat molestiae enim molestiae ipsa quibusdam exercitationem sed. Quibusdam iure cum consequatur modi. Quasi eum saepe soluta aut voluptatem sunt consequuntur.', 777, 2, 14, '2019-11-24 20:51:16', '2019-11-24 20:51:16'),
(3, 'eveniet', 'Dolore sit similique tempore sunt dolore velit consequatur sunt. Voluptatem natus assumenda aliquid. Quam et facere autem in. Possimus tempore excepturi maxime.', 406, 4, 12, '2019-11-24 20:51:16', '2019-11-24 20:51:16'),
(4, 'voluptatem', 'Necessitatibus culpa maiores dolore fugit a sit quas. Rerum accusantium non molestias omnis. Quis quidem sint quod ipsum.', 758, 8, 30, '2019-11-24 20:51:16', '2019-11-24 20:51:16'),
(5, 'soluta', 'Quas cum doloremque quaerat corporis earum. Quo perspiciatis modi expedita aut voluptas quisquam. Et consequuntur ad deserunt. Et iusto dignissimos cumque consequatur ut.', 727, 1, 3, '2019-11-24 20:51:16', '2019-11-24 20:51:16'),
(6, 'quia', 'Laboriosam distinctio molestias voluptatem perspiciatis ex repudiandae. Vero iusto molestiae perferendis quos nemo eos. Recusandae voluptatem impedit nobis doloremque inventore facere consequatur impedit. Veritatis voluptas consequatur rerum voluptatem non vel iure. Est odit commodi aperiam eos quibusdam voluptate adipisci magni.', 167, 1, 8, '2019-11-24 20:51:16', '2019-11-24 20:51:16'),
(7, 'aut', 'Vitae dolor ut ut adipisci et. Sit soluta dolorem doloremque aut quae hic iure. Hic aut id sit.', 782, 7, 20, '2019-11-24 20:51:16', '2019-11-24 20:51:16'),
(8, 'odio', 'Officia et est quod officiis soluta placeat aut. In nisi corrupti aperiam veritatis eos. Eum praesentium deserunt quidem sit. Rem provident est aliquam veniam.', 178, 8, 27, '2019-11-24 20:51:16', '2019-11-24 20:51:16'),
(9, 'sunt', 'Repudiandae velit facilis et enim et fuga. Earum est possimus rerum optio delectus. Rerum nam commodi iste. Omnis et totam sed est ipsa voluptas debitis.', 537, 5, 17, '2019-11-24 20:51:16', '2019-11-24 20:51:16'),
(10, 'accusantium', 'Nisi aut officiis dolores consequuntur sit consequatur aut. Recusandae est et repudiandae temporibus cum. Quia et similique sit laboriosam quia sed. Sit numquam tempore sint quo nam.', 695, 2, 22, '2019-11-24 20:51:16', '2019-11-24 20:51:16'),
(11, 'cumque', 'Illum ut repudiandae quisquam eum non explicabo. Voluptatum ipsum quidem sed. Temporibus molestias nobis doloribus error consequatur laboriosam.', 286, 5, 25, '2019-11-24 20:51:16', '2019-11-24 20:51:16'),
(12, 'minima', 'Error voluptatum quaerat fuga ullam laborum beatae. Expedita et non veritatis corporis dolores. Sit ad aliquam cum facere odio non laborum.', 818, 3, 22, '2019-11-24 20:51:16', '2019-11-24 20:51:16'),
(13, 'aut', 'Odit et aut autem repellat distinctio aut. Rerum inventore dolores consequatur iure temporibus unde molestiae sit. Hic aut aut odio quo.', 415, 2, 25, '2019-11-24 20:51:16', '2019-11-24 20:51:16'),
(14, 'ut', 'Corrupti repellat voluptate dolorum iste aut. Illo totam rem eius ut. Ab qui quo est nihil nisi iure sed. Voluptate est at aut eum tempore doloremque ut sint.', 588, 4, 26, '2019-11-24 20:51:16', '2019-11-24 20:51:16'),
(15, 'rerum', 'Minus ut voluptatem porro voluptatum nihil ducimus. Dolorum consequatur et voluptate possimus. Et et fugit omnis veniam officiis sunt natus cupiditate. Voluptatem placeat qui animi fuga commodi perferendis porro sit.', 990, 9, 14, '2019-11-24 20:51:16', '2019-11-24 20:51:16'),
(16, 'est', 'Sit ex explicabo dignissimos ipsum voluptates numquam nobis et. Consequuntur unde facere porro necessitatibus inventore nam voluptas. Eligendi corporis qui consequatur fugit ipsa rerum est. Dolor qui in modi ut suscipit dolorem.', 594, 1, 24, '2019-11-24 20:51:16', '2019-11-24 20:51:16'),
(17, 'cumque', 'Quia quasi et placeat magnam quasi. Et qui molestias sit reiciendis esse. Minima ut aspernatur est illum.', 155, 3, 9, '2019-11-24 20:51:16', '2019-11-24 20:51:16'),
(18, 'modi', 'Quo deserunt expedita enim praesentium. Est deleniti voluptas ut. Dolore corporis ut odit voluptate et dolorem.', 725, 1, 17, '2019-11-24 20:51:16', '2019-11-24 20:51:16'),
(19, 'accusantium', 'Qui maxime dolore eaque molestias necessitatibus quaerat. Magni nisi dolor cum velit sint quis. Veritatis nihil in accusantium exercitationem quia dolores molestiae.', 384, 3, 4, '2019-11-24 20:51:16', '2019-11-24 20:51:16'),
(20, 'debitis', 'Ut voluptatibus molestiae debitis facilis et ad placeat amet. Est occaecati numquam ut temporibus.', 253, 3, 18, '2019-11-24 20:51:16', '2019-11-24 20:51:16'),
(21, 'voluptas', 'Ex aut sunt tenetur qui molestiae eum. Debitis reprehenderit dolores commodi recusandae. Consequuntur architecto aut incidunt nobis.', 680, 1, 3, '2019-11-24 20:51:16', '2019-11-24 20:51:16'),
(22, 'qui', 'Quos magnam animi explicabo temporibus itaque laboriosam perspiciatis. Ullam minima et enim officia. Omnis expedita id non laboriosam repellendus quia. Eius inventore nisi eveniet possimus veniam omnis dolores dolores.', 994, 9, 17, '2019-11-24 20:51:16', '2019-11-24 20:51:16'),
(23, 'tempora', 'Dolores similique qui et. Illo enim et tempore repellendus voluptatum molestias. Quas at animi et iusto enim. Commodi quo libero ex.', 752, 8, 26, '2019-11-24 20:51:16', '2019-11-24 20:51:16'),
(24, 'consequatur', 'Consequatur consequuntur eos molestiae sit aut sint. Molestiae repudiandae voluptatem ut dolor impedit in ullam. Voluptatem molestias praesentium voluptatem doloribus quod. Et et fugit minus voluptatum pariatur delectus eos.', 585, 4, 7, '2019-11-24 20:51:16', '2019-11-24 20:51:16'),
(25, 'inventore', 'Ut dolor praesentium magnam quasi quae autem. Dolores repudiandae atque sunt architecto. Numquam voluptate autem nihil itaque.', 860, 3, 15, '2019-11-24 20:51:16', '2019-11-24 20:51:16'),
(26, 'ea', 'Neque occaecati ut qui ipsam fuga sed. Iure minima quia sed et quos. Dolores voluptas officiis adipisci in dignissimos est. Aut labore et aut praesentium.', 524, 5, 11, '2019-11-24 20:51:16', '2019-11-24 20:51:16'),
(27, 'laboriosam', 'Ut rem commodi aperiam vitae. Fugit provident qui est ratione voluptatum. Ut voluptatem vero iste quo.', 879, 3, 9, '2019-11-24 20:51:16', '2019-11-24 20:51:16'),
(28, 'dignissimos', 'Consequatur explicabo error itaque debitis. Sed asperiores dolorem velit alias quidem. Et eos delectus harum. Quasi itaque et vitae sed nostrum.', 117, 1, 26, '2019-11-24 20:51:16', '2019-11-24 20:51:16'),
(29, 'veritatis', 'Ut optio cupiditate nihil magnam nostrum et. Consectetur debitis harum id quia. Quibusdam dolores est exercitationem aut eligendi facere. Voluptatem alias voluptate iure quia velit. Magni nostrum ut dicta.', 400, 7, 29, '2019-11-24 20:51:16', '2019-11-24 20:51:16'),
(30, 'assumenda', 'Eligendi eveniet accusamus eveniet praesentium cum enim. Quae veritatis eum itaque quidem neque. Illum rerum eum culpa consequuntur delectus sit quas.', 754, 0, 5, '2019-11-24 20:51:16', '2019-11-24 20:51:16'),
(31, 'corrupti', 'Accusamus voluptates excepturi dolores numquam omnis esse autem. Optio dolores sed ratione sint maxime expedita. Et recusandae totam qui voluptatem. Accusantium suscipit nisi fugiat ullam.', 763, 5, 4, '2019-11-24 20:51:16', '2019-11-24 20:51:16'),
(32, 'aliquam', 'Et rerum dolorem et quasi. Necessitatibus cupiditate sit eos ex at et. Assumenda maiores nihil incidunt odit. Nesciunt ab sed ipsum.', 172, 6, 10, '2019-11-24 20:51:16', '2019-11-24 20:51:16'),
(33, 'nemo', 'Ut ut necessitatibus qui dolorem aliquid deleniti. Eum maxime molestias debitis. Quos aut ratione inventore reprehenderit.', 789, 9, 2, '2019-11-24 20:51:16', '2019-11-24 20:51:16'),
(34, 'minus', 'Ratione nobis minima rerum nobis. Quas corrupti ipsa odio assumenda.', 282, 0, 15, '2019-11-24 20:51:16', '2019-11-24 20:51:16'),
(35, 'cupiditate', 'Laborum laborum voluptas est velit quia qui quasi. Eveniet expedita vel alias voluptates.', 647, 5, 10, '2019-11-24 20:51:16', '2019-11-24 20:51:16'),
(36, 'voluptas', 'Exercitationem consequatur est consequatur soluta. Voluptatem est deserunt mollitia sit aut dolor est. Harum et totam rerum et voluptatem in quia enim.', 628, 8, 28, '2019-11-24 20:51:16', '2019-11-24 20:51:16'),
(37, 'consectetur', 'Unde voluptatem ratione ipsam veritatis mollitia maiores alias. Consequatur accusantium quia unde nesciunt saepe et aut soluta. Excepturi quo quia est et. Voluptate porro fuga rerum rerum quod ad ea.', 714, 6, 22, '2019-11-24 20:51:16', '2019-11-24 20:51:16'),
(38, 'enim', 'Ipsam eum voluptatibus quis ipsa id sint. Amet aliquid voluptatem harum impedit aut autem molestias. Ut modi et esse repudiandae culpa qui labore.', 882, 8, 14, '2019-11-24 20:51:16', '2019-11-24 20:51:16'),
(39, 'quas', 'Quibusdam consequatur fugit rerum quos in sed ipsa. Enim inventore perspiciatis odio laborum reiciendis omnis. Reiciendis magnam temporibus ut soluta maxime beatae.', 667, 9, 18, '2019-11-24 20:51:16', '2019-11-24 20:51:16'),
(40, 'magnam', 'Delectus minus quo asperiores dolores consequatur iure. Fuga et voluptatem rerum cumque alias. Esse quo amet et quidem ex nobis.', 739, 4, 4, '2019-11-24 20:51:16', '2019-11-24 20:51:16'),
(41, 'quaerat', 'Quia sint voluptate atque eos odit voluptatum. Quidem sed libero occaecati qui laboriosam. Nostrum quo molestias vel esse quia. Id repudiandae rerum est enim.', 627, 7, 27, '2019-11-24 20:51:16', '2019-11-24 20:51:16'),
(42, 'dolor', 'Consectetur facilis ducimus sit nostrum. Hic asperiores ipsa eveniet quisquam nobis nobis fugit. Commodi explicabo illo vitae non facere. Dicta qui et ut non.', 339, 2, 14, '2019-11-24 20:51:16', '2019-11-24 20:51:16'),
(43, 'aliquid', 'Dolorem magnam magnam sit aut dolor dolorum omnis. Occaecati velit nisi magni asperiores qui suscipit. Tempora quod velit ullam incidunt debitis est nesciunt aut. Corrupti est animi consequatur fugiat qui occaecati.', 339, 6, 14, '2019-11-24 20:51:16', '2019-11-24 20:51:16'),
(44, 'ipsa', 'Laboriosam quasi ea reprehenderit qui voluptatem exercitationem. Distinctio aut reiciendis qui dolor tempora nemo repudiandae. Quos ex consequatur sit.', 514, 2, 6, '2019-11-24 20:51:16', '2019-11-24 20:51:16'),
(45, 'sunt', 'Consequuntur vel delectus est voluptas. Qui mollitia aperiam mollitia tempore temporibus aut dolorum. Aperiam dolore cupiditate quibusdam quisquam.', 743, 8, 10, '2019-11-24 20:51:16', '2019-11-24 20:51:16'),
(46, 'ad', 'Dolores molestias aut voluptas. Accusamus voluptates veritatis consequatur qui. Dolor et eum sint et.', 862, 2, 19, '2019-11-24 20:51:16', '2019-11-24 20:51:16'),
(47, 'dolorem', 'Voluptas dolores et culpa et dolore vel animi. Sit reiciendis ut repellat alias et minus voluptatum. Vel voluptatem sit ducimus repudiandae.', 459, 5, 30, '2019-11-24 20:51:16', '2019-11-24 20:51:16'),
(48, 'adipisci', 'Accusantium dolor autem facilis vero. Dolore molestiae tempora voluptatem culpa delectus. Aliquam et voluptatibus excepturi ut a autem expedita. Sit earum explicabo quo qui.', 272, 1, 16, '2019-11-24 20:51:16', '2019-11-24 20:51:16'),
(49, 'unde', 'Inventore eum rem magnam minima. Assumenda dicta aut error cumque veniam aut sapiente. Laboriosam velit tenetur error velit possimus fugit ab. Ipsum sint doloremque dolor possimus est praesentium autem.', 941, 2, 12, '2019-11-24 20:51:16', '2019-11-24 20:51:16'),
(50, 'ab', 'Et laborum fugiat deleniti quisquam dolorum explicabo est. Autem asperiores et similique ea. Sint ea expedita consequatur quia facilis possimus.', 363, 5, 7, '2019-11-24 20:51:16', '2019-11-24 20:51:16');

-- --------------------------------------------------------

--
-- Table structure for table `reviews`
--

CREATE TABLE `reviews` (
  `id` bigint(20) UNSIGNED NOT NULL,
  `product_id` int(10) UNSIGNED NOT NULL,
  `customer` varchar(191) COLLATE utf8_unicode_ci NOT NULL,
  `review` text COLLATE utf8_unicode_ci NOT NULL,
  `star` int(11) NOT NULL,
  `created_at` timestamp NULL DEFAULT NULL,
  `updated_at` timestamp NULL DEFAULT NULL
) ENGINE=InnoDB DEFAULT CHARSET=utf8 COLLATE=utf8_unicode_ci;

--
-- Dumping data for table `reviews`
--

INSERT INTO `reviews` (`id`, `product_id`, `customer`, `review`, `star`, `created_at`, `updated_at`) VALUES
(1, 14, 'Mona Durgan', 'Dolor tempore dolorem dolor odio sit et ad. Voluptatibus qui quod repellendus quod rerum eum quam. Eos rerum aliquid molestiae minima. Distinctio autem expedita delectus odit quos aut unde aut.', 4, '2019-11-24 20:51:16', '2019-11-24 20:51:16'),
(2, 40, 'Irma Rohan', 'Rerum est qui rem et ut voluptate et. Tenetur quod velit nostrum est aut. Blanditiis laudantium assumenda natus consequatur possimus distinctio omnis. Velit consequatur maiores repudiandae non voluptatem laborum sit.', 2, '2019-11-24 20:51:17', '2019-11-24 20:51:17'),
(3, 42, 'Naomi Heaney', 'Est maiores modi omnis nobis. Veritatis nobis aut veritatis aperiam. Beatae voluptatem sunt sequi consequatur ex. Aperiam et praesentium et soluta quo ut.', 1, '2019-11-24 20:51:17', '2019-11-24 20:51:17'),
(4, 19, 'Einar Metz', 'Quia accusantium et dolorem ex. Rerum et dolorum sunt repellendus. Ut vitae qui doloremque.', 4, '2019-11-24 20:51:17', '2019-11-24 20:51:17'),
(5, 45, 'Rebeka Daugherty Sr.', 'Eligendi qui et ratione occaecati. Quas numquam velit totam rerum quidem. Autem sit modi voluptatem vel.', 0, '2019-11-24 20:51:17', '2019-11-24 20:51:17'),
(6, 40, 'Dr. Stefan Jakubowski', 'Doloremque fugit eum qui eaque a repudiandae. Similique totam laboriosam adipisci sed. Earum voluptatem natus quia eum.', 3, '2019-11-24 20:51:17', '2019-11-24 20:51:17'),
(7, 35, 'Prof. Henry Casper', 'Optio facere ad amet. Est voluptatum dolorem excepturi occaecati. Et optio neque rerum quia debitis tempore ea.', 3, '2019-11-24 20:51:17', '2019-11-24 20:51:17'),
(8, 2, 'Mrs. Estell Reichert', 'Aut consequatur magnam aut esse. Odit autem quo omnis qui neque accusamus omnis. Doloremque aut sapiente repellendus non laborum et sunt. Veritatis temporibus officia sed.', 0, '2019-11-24 20:51:17', '2019-11-24 20:51:17'),
(9, 1, 'Mylene Effertz', 'Ea sunt cumque et ex. Aliquid temporibus iusto praesentium et facilis accusantium ut. Aspernatur vero placeat impedit itaque dolores sunt dolor.', 1, '2019-11-24 20:51:17', '2019-11-24 20:51:17'),
(10, 12, 'Dr. Karianne Bednar Sr.', 'Tenetur maiores sed et accusantium voluptatem nihil fugiat possimus. Dolorem non non eaque deleniti laboriosam omnis accusantium. Explicabo deserunt id rerum aliquam dolorum aspernatur et.', 4, '2019-11-24 20:51:17', '2019-11-24 20:51:17'),
(11, 9, 'Wilton Wiza DDS', 'Qui cupiditate odit hic optio enim dicta. Aut nihil quo laborum commodi odit est vitae.', 4, '2019-11-24 20:51:17', '2019-11-24 20:51:17'),
(12, 44, 'Troy Kovacek', 'Voluptates quo minus culpa quia hic sequi laudantium. Nam expedita adipisci enim at repudiandae corporis ullam iste. Voluptate perspiciatis tempora modi.', 1, '2019-11-24 20:51:17', '2019-11-24 20:51:17'),
(13, 26, 'Rosella Ritchie', 'Dolorum hic aut quam consequatur est quas. Doloribus est voluptas voluptatem dignissimos nesciunt voluptate quae nostrum. Tempore reiciendis tenetur quibusdam quam rem deserunt vitae ad.', 5, '2019-11-24 20:51:17', '2019-11-24 20:51:17'),
(14, 30, 'Dianna Heaney', 'Minus qui quibusdam optio rem delectus molestiae. Explicabo ipsa quod et est ipsa quisquam. Nulla sit natus facere impedit hic est.', 5, '2019-11-24 20:51:17', '2019-11-24 20:51:17'),
(15, 23, 'Angelina Smitham', 'Earum sed eligendi est sunt ut quod. Et voluptatem minus velit eaque fugiat ea quasi. Dolores accusantium libero explicabo quibusdam qui. Eaque exercitationem et non non.', 5, '2019-11-24 20:51:17', '2019-11-24 20:51:17'),
(16, 26, 'Baylee Hackett V', 'Fuga quod accusamus sed enim. At quod illum perspiciatis voluptatum. Impedit suscipit quia rerum nostrum. Ut quidem voluptatem quaerat sed consequuntur quidem facere.', 5, '2019-11-24 20:51:17', '2019-11-24 20:51:17'),
(17, 49, 'Vella Cartwright', 'Ut nesciunt aut consequatur et voluptates laborum eos. Odit ad quidem qui molestiae quae ad. Iste qui iusto magnam doloremque autem. Quia fugiat voluptas saepe ea dolore. Quam voluptatem necessitatibus quaerat libero omnis.', 0, '2019-11-24 20:51:17', '2019-11-24 20:51:17'),
(18, 30, 'Mr. Curt Prohaska DDS', 'Ut repellendus fugit nihil reiciendis dolorem vero. Velit tempore ad pariatur quasi quisquam illo pariatur. Fugiat qui odit asperiores illum voluptatem cum omnis.', 0, '2019-11-24 20:51:17', '2019-11-24 20:51:17'),
(19, 32, 'Jameson Wisozk', 'Id velit omnis a a et animi. Iure aliquid vitae magnam. Consectetur cum totam labore natus dicta ducimus.', 0, '2019-11-24 20:51:17', '2019-11-24 20:51:17'),
(20, 42, 'Sammie Gutkowski', 'Saepe asperiores placeat ut esse vel voluptas ut. Facere sed id ipsam ducimus rem. Qui omnis ipsa nulla est non.', 2, '2019-11-24 20:51:17', '2019-11-24 20:51:17'),
(21, 27, 'Dr. Cristina Collins IV', 'Maxime quod qui in tenetur. Ut est fugiat odio voluptate eaque vel tempora.', 3, '2019-11-24 20:51:17', '2019-11-24 20:51:17'),
(22, 40, 'Muhammad Goyette', 'Nam laborum minima consectetur sed consequatur delectus. Dicta aut sit accusamus fugit. Recusandae eum pariatur velit itaque veniam quia. Et quia pariatur sapiente aspernatur quia.', 4, '2019-11-24 20:51:17', '2019-11-24 20:51:17'),
(23, 36, 'Danny Monahan', 'Et harum nemo esse mollitia et veniam in recusandae. Saepe ea velit omnis corporis. Fuga consectetur magnam beatae minus consequatur. Corrupti repellat dolores odio quis delectus non.', 5, '2019-11-24 20:51:17', '2019-11-24 20:51:17'),
(24, 26, 'Ryley Maggio', 'Veniam error provident cumque repellendus optio magni. Doloremque molestias aut magnam quaerat alias praesentium suscipit quas. Dolorem culpa est et est.', 5, '2019-11-24 20:51:17', '2019-11-24 20:51:17'),
(25, 2, 'Mr. Leo Mayer II', 'Velit tempore non est quia. Deserunt voluptatem fuga exercitationem veniam iure in fugiat. Facilis dignissimos quis nulla eaque. Error suscipit sit qui earum nemo qui.', 0, '2019-11-24 20:51:17', '2019-11-24 20:51:17'),
(26, 19, 'Ms. Desiree Pollich I', 'Est inventore et laboriosam. Aliquid impedit voluptatum quis qui. Incidunt expedita libero ut minus ab.', 3, '2019-11-24 20:51:17', '2019-11-24 20:51:17'),
(27, 31, 'Wiley Smitham', 'Ea nemo aspernatur nihil tempora eius. Cupiditate veniam pariatur ut ea doloribus. Et molestiae sed velit qui incidunt dolor. Labore consequuntur eum et qui delectus.', 3, '2019-11-24 20:51:17', '2019-11-24 20:51:17'),
(28, 12, 'Dr. Electa Little', 'Ipsam dolores molestias ut necessitatibus soluta omnis et. Amet quo excepturi odio nisi repudiandae harum quisquam veniam. Eos consectetur vero quae recusandae.', 4, '2019-11-24 20:51:17', '2019-11-24 20:51:17'),
(29, 32, 'Dr. Terence Feeney II', 'Reprehenderit sed atque et. Qui dolorem provident corrupti ut nisi. Voluptatem et ipsam maiores rerum quam.', 2, '2019-11-24 20:51:17', '2019-11-24 20:51:17'),
(30, 43, 'Miss Allison Dickinson', 'Qui beatae placeat dolorem nihil possimus aut id. Delectus quia porro et rem voluptas facere non. Qui iusto rerum totam in fugiat itaque. Dolor perspiciatis eos enim ut fugit voluptas rerum.', 3, '2019-11-24 20:51:17', '2019-11-24 20:51:17'),
(31, 39, 'Prof. Gianni Grady IV', 'Iusto non dolor aut porro exercitationem accusantium. Est hic placeat facere laboriosam et iure nam. Dignissimos officiis similique qui. Fugit inventore eligendi vel voluptatem.', 3, '2019-11-24 20:51:17', '2019-11-24 20:51:17'),
(32, 6, 'Tony Schmitt', 'Nam excepturi ex rerum. Amet recusandae sunt dolores error. Quasi minima et veritatis omnis deserunt. Tenetur sed dolor eligendi nemo hic repellat officiis tempore.', 4, '2019-11-24 20:51:17', '2019-11-24 20:51:17'),
(33, 33, 'Eusebio Kuvalis', 'Eveniet cupiditate expedita vero. Non sed qui quis sed sit. Corporis qui ut quos assumenda autem id laborum. Nihil qui ipsum ut exercitationem est voluptas autem.', 3, '2019-11-24 20:51:17', '2019-11-24 20:51:17'),
(34, 21, 'Prof. Loren Armstrong IV', 'Voluptatem aut occaecati ab ut fugit nostrum. Consequatur asperiores labore sint necessitatibus quia. Ullam dolor necessitatibus libero sed et dolorum. Aperiam neque est omnis rerum.', 1, '2019-11-24 20:51:17', '2019-11-24 20:51:17'),
(35, 33, 'Prof. Alanis Reichert', 'Vel optio perspiciatis quae autem libero voluptates similique. Placeat sint amet id velit provident et temporibus. Qui quo magnam nam laborum animi. Aliquam sunt eos eos in fuga quos alias.', 0, '2019-11-24 20:51:17', '2019-11-24 20:51:17'),
(36, 39, 'Effie Blanda', 'Rem non quisquam qui cumque. Magnam exercitationem qui iste sequi. Et culpa perspiciatis mollitia rem eius adipisci. Itaque est aut ab temporibus dolor ut inventore.', 2, '2019-11-24 20:51:17', '2019-11-24 20:51:17'),
(37, 26, 'Cynthia Glover', 'Mollitia ipsum est eum voluptatem ipsa delectus omnis eaque. Officiis et voluptas reiciendis inventore reiciendis enim. Nihil temporibus reprehenderit animi est nobis aut.', 4, '2019-11-24 20:51:17', '2019-11-24 20:51:17'),
(38, 41, 'Prof. Bobbie Kuhlman DVM', 'Harum veritatis ea sit atque quibusdam sapiente delectus. Pariatur rerum et quia nihil reprehenderit. Quo sequi dignissimos labore consectetur incidunt quia impedit recusandae.', 5, '2019-11-24 20:51:17', '2019-11-24 20:51:17'),
(39, 24, 'Lucie Kling', 'Qui dolor in ea molestias voluptatem tempore. Voluptatem omnis qui et soluta distinctio cumque. Vitae omnis aut et ut rem harum sint soluta.', 4, '2019-11-24 20:51:17', '2019-11-24 20:51:17'),
(40, 3, 'Bennie Bruen DVM', 'Ab magnam qui illo in dolores dignissimos atque. Reprehenderit amet et illum deleniti at. Hic in quia sed ducimus repudiandae pariatur cum.', 5, '2019-11-24 20:51:17', '2019-11-24 20:51:17'),
(41, 19, 'Magnolia Dach', 'Minus fugiat vel animi harum rerum rem assumenda temporibus. Sunt facilis voluptas velit temporibus nihil rerum. Et minima doloremque illum dolorem beatae tenetur accusantium.', 0, '2019-11-24 20:51:17', '2019-11-24 20:51:17'),
(42, 40, 'Leanna Carter', 'Consequatur modi sed architecto consequuntur neque ex repudiandae. Dignissimos aliquam delectus et vel. Animi ducimus quaerat laborum fugit blanditiis aut. Consequatur sit corrupti tempore eligendi est dignissimos reprehenderit non. Sit pariatur quaerat deserunt qui.', 5, '2019-11-24 20:51:17', '2019-11-24 20:51:17'),
(43, 46, 'Ms. Ella Abshire', 'Numquam sed exercitationem iusto qui quod vel. Omnis quaerat modi autem quas dolor. Quod earum et a eveniet.', 5, '2019-11-24 20:51:17', '2019-11-24 20:51:17'),
(44, 28, 'Matilda Lakin Jr.', 'Maxime maxime enim magnam ut enim non eligendi. Cum et architecto ut. Harum laborum dolores praesentium harum rem. Consequuntur qui temporibus consequatur consectetur sed eos possimus.', 4, '2019-11-24 20:51:17', '2019-11-24 20:51:17'),
(45, 35, 'Kennedi Jacobi II', 'Beatae cumque nobis ea placeat necessitatibus distinctio cum. Iusto vel sit qui porro dicta porro vel. Vitae blanditiis deserunt possimus ut voluptatem. Quaerat voluptatem facilis est perferendis ratione.', 4, '2019-11-24 20:51:17', '2019-11-24 20:51:17'),
(46, 21, 'Dr. Camille Dickens', 'Voluptatibus et incidunt excepturi culpa. Qui vel non autem minus ut vero. Nobis quisquam ducimus beatae velit consequatur in.', 4, '2019-11-24 20:51:17', '2019-11-24 20:51:17'),
(47, 2, 'Adrienne Luettgen', 'Debitis sapiente deserunt veritatis eos. Temporibus asperiores deserunt est. Illum sit aut ipsam fugit deleniti voluptas iste.', 2, '2019-11-24 20:51:17', '2019-11-24 20:51:17'),
(48, 48, 'Prof. Lavern Reilly I', 'Eveniet voluptatum a accusamus qui qui illum ut. Doloribus explicabo quis corporis beatae. Consectetur inventore veritatis tempora repellendus expedita. Neque unde veniam reprehenderit qui voluptates maxime molestiae.', 0, '2019-11-24 20:51:17', '2019-11-24 20:51:17'),
(49, 25, 'Ova Effertz', 'Totam et earum illum culpa. Sed quo beatae similique. Ea neque perspiciatis eaque nobis.', 0, '2019-11-24 20:51:17', '2019-11-24 20:51:17'),
(50, 30, 'Clement Buckridge', 'Architecto vel accusantium sed. Harum ut eius eaque magnam. Id culpa dolores totam non. Saepe aut quibusdam laboriosam et autem. Voluptatum omnis fugiat qui hic.', 4, '2019-11-24 20:51:17', '2019-11-24 20:51:17'),
(51, 21, 'Dr. Luciano Cummings DDS', 'Aliquam corporis vel quaerat numquam labore placeat. Ut eum rem illo est velit aspernatur. Consequatur delectus aut unde totam adipisci quia ea laborum.', 2, '2019-11-24 20:51:17', '2019-11-24 20:51:17'),
(52, 40, 'Ms. Yadira Ondricka DDS', 'Aliquid commodi voluptatibus voluptatem velit temporibus. Sed et error sunt et illo voluptas ipsum. Atque est alias temporibus id et est. Laudantium vel tenetur nam natus aliquid qui illum ducimus.', 4, '2019-11-24 20:51:17', '2019-11-24 20:51:17'),
(53, 24, 'Bernita Barton', 'Omnis harum et non porro ex vero deserunt nihil. Assumenda hic explicabo est eum commodi aliquam provident quibusdam. Fugiat porro voluptatibus unde qui dolorem.', 3, '2019-11-24 20:51:17', '2019-11-24 20:51:17'),
(54, 19, 'William Spinka V', 'Unde dolor laudantium autem molestiae. Magni accusamus minus nesciunt unde est fugit. Ratione culpa at ea reprehenderit dignissimos.', 5, '2019-11-24 20:51:17', '2019-11-24 20:51:17'),
(55, 41, 'Mohammed Williamson', 'Accusantium quidem maiores doloremque quos qui amet. Totam enim eligendi sint sed molestiae sint molestiae. Maiores vel eveniet occaecati occaecati repudiandae necessitatibus. Architecto cumque numquam ipsum laudantium sed id ut.', 2, '2019-11-24 20:51:17', '2019-11-24 20:51:17'),
(56, 15, 'Mr. Jonas Kulas IV', 'Et aut fugit aut repudiandae ea vel aperiam. Ut inventore reiciendis occaecati nihil et voluptatem quo mollitia. Eos reiciendis nesciunt doloremque animi quia quaerat fugiat. Illum ea distinctio et hic beatae.', 1, '2019-11-24 20:51:17', '2019-11-24 20:51:17'),
(57, 47, 'Aditya Parker', 'Porro perferendis vel reiciendis nesciunt veritatis velit. Qui omnis aut fugit illo provident occaecati dolor. Ut aspernatur a eum consequatur odit asperiores.', 1, '2019-11-24 20:51:17', '2019-11-24 20:51:17'),
(58, 38, 'Norbert Smitham Jr.', 'Et dolores at dolorem. Exercitationem vitae expedita est eum. Quos quia accusamus perspiciatis eveniet.', 3, '2019-11-24 20:51:17', '2019-11-24 20:51:17'),
(59, 26, 'Rebekah Little', 'Temporibus id doloribus provident ut assumenda nulla molestias. Earum omnis et facilis quos expedita at et quia. Repudiandae voluptatibus velit quidem.', 2, '2019-11-24 20:51:17', '2019-11-24 20:51:17'),
(60, 8, 'Dr. Vernon Kessler MD', 'Omnis qui cupiditate iusto dolorem omnis aut. Necessitatibus architecto placeat quibusdam consequuntur soluta possimus est excepturi.', 1, '2019-11-24 20:51:17', '2019-11-24 20:51:17'),
(61, 23, 'Everette Bruen', 'Tempora vel voluptatem ea unde quidem eius consequatur. Reprehenderit pariatur ipsam soluta quisquam sed provident.', 4, '2019-11-24 20:51:17', '2019-11-24 20:51:17'),
(62, 8, 'Sonya Haag DDS', 'Aut aut saepe est ut odit aut sit. Eos architecto ut non pariatur. Sequi voluptas optio expedita doloribus distinctio.', 1, '2019-11-24 20:51:17', '2019-11-24 20:51:17'),
(63, 26, 'Axel Satterfield', 'Blanditiis necessitatibus minima rerum dolores amet cum. Repudiandae aspernatur ratione est magni aliquam. At quibusdam nisi et aperiam voluptas.', 2, '2019-11-24 20:51:17', '2019-11-24 20:51:17'),
(64, 22, 'Miss Domenica Konopelski IV', 'Dolore voluptatum commodi molestiae facere. Voluptatem porro consequatur esse pariatur quae.', 4, '2019-11-24 20:51:17', '2019-11-24 20:51:17'),
(65, 29, 'Axel Monahan', 'Dolores quis illum consequatur sit distinctio tempore dicta. Aut non dolores est consequatur. Vel facere maiores magni velit reiciendis nemo.', 2, '2019-11-24 20:51:17', '2019-11-24 20:51:17'),
(66, 45, 'Dr. Verlie Herman', 'Quae fugit commodi ea ut corporis aut. Voluptas quia necessitatibus dolores consequatur quis. Magnam ipsam est cum doloribus. Et suscipit repellat deleniti ea labore sit reiciendis minus. Et sint et eligendi deserunt sed impedit molestiae.', 3, '2019-11-24 20:51:17', '2019-11-24 20:51:17'),
(67, 36, 'Jean Hessel', 'Quia quis omnis et magnam et delectus. Commodi sit voluptatem et modi quaerat sed. Et ullam id quidem quas recusandae culpa eius. Inventore quod sint eveniet aliquid.', 0, '2019-11-24 20:51:17', '2019-11-24 20:51:17'),
(68, 11, 'Carol Dicki MD', 'Qui ad officiis voluptas voluptatem doloribus voluptatem voluptatem vel. Necessitatibus dolorem dolores error molestiae ipsam. Tenetur sed minus sit. Saepe iusto culpa mollitia est. Ut incidunt est et laudantium id.', 3, '2019-11-24 20:51:17', '2019-11-24 20:51:17'),
(69, 10, 'Prof. Leta Rempel', 'Incidunt vitae sit id quis neque vel suscipit. Ut ut occaecati in rerum ipsa. Atque excepturi sunt ut incidunt.', 1, '2019-11-24 20:51:17', '2019-11-24 20:51:17'),
(70, 33, 'Amos Kuhic', 'Exercitationem doloribus rerum odit dolorum veritatis sequi enim. Aut sint laboriosam facere aliquam voluptates. Consequuntur aspernatur eum exercitationem ratione est doloremque quaerat. Et in expedita dolorem sunt veniam quo.', 3, '2019-11-24 20:51:17', '2019-11-24 20:51:17'),
(71, 14, 'Dr. Monserrate Graham DDS', 'Est earum recusandae cupiditate. Ab earum sequi corrupti qui et magnam reprehenderit. Voluptas sit eum inventore. Quia quia sint est nihil illo.', 0, '2019-11-24 20:51:17', '2019-11-24 20:51:17'),
(72, 26, 'Cassandre Zemlak', 'Ea voluptas debitis voluptatem dolor et quo quis. Labore quibusdam mollitia ad. Consectetur veritatis est blanditiis sunt autem. Odio dicta alias possimus ut.', 5, '2019-11-24 20:51:17', '2019-11-24 20:51:17'),
(73, 12, 'Mr. Christop Jenkins PhD', 'Et voluptatem eum velit fuga. Perferendis et nulla odit asperiores autem neque adipisci. Illum quam ipsam veritatis nihil similique. Delectus sed officiis et sapiente necessitatibus praesentium.', 2, '2019-11-24 20:51:17', '2019-11-24 20:51:17'),
(74, 8, 'Emilia Hammes', 'Voluptas voluptas soluta aut. Natus occaecati beatae eos dolorem adipisci ab. Qui voluptates ea ab molestias ea voluptatibus. Sunt voluptatum velit placeat nemo. Odit qui molestiae ratione qui temporibus nam sequi vel.', 4, '2019-11-24 20:51:17', '2019-11-24 20:51:17'),
(75, 20, 'Brad Bernhard I', 'Qui illum cum quae repellendus. Et reiciendis sunt et et doloremque laudantium. Omnis quia laborum aut consequuntur.', 0, '2019-11-24 20:51:17', '2019-11-24 20:51:17'),
(76, 2, 'Dr. Vito Beier I', 'Repellendus et et aut aspernatur tenetur quibusdam. Vero velit voluptatem ex molestiae eligendi. Saepe officia iure consequatur fugit beatae itaque quo. Dolor sit aliquid consequatur.', 1, '2019-11-24 20:51:17', '2019-11-24 20:51:17'),
(77, 3, 'Ms. Alivia Luettgen III', 'Et sit maiores et fugit. Enim quo dolorem exercitationem rerum quia recusandae fugit. Explicabo numquam quia quas soluta vel magni odit. Necessitatibus dolor neque excepturi.', 2, '2019-11-24 20:51:17', '2019-11-24 20:51:17'),
(78, 39, 'Eleonore Kulas DDS', 'Ut reprehenderit impedit voluptatibus aut voluptatem quae. Eligendi nisi illo porro tempore aspernatur provident. Corrupti eos totam molestiae nobis sit. Odio assumenda nisi sed exercitationem voluptatum.', 3, '2019-11-24 20:51:17', '2019-11-24 20:51:17'),
(79, 34, 'Kendall Flatley', 'Quos necessitatibus amet eum consequatur non. Dolores sed accusantium dolore labore ratione beatae voluptatem. Iusto labore nobis et sint distinctio in velit. In animi sed quia iste. Quis ut architecto cum aliquam.', 0, '2019-11-24 20:51:17', '2019-11-24 20:51:17'),
(80, 26, 'Dr. Kyle Senger MD', 'Repellendus dolores eligendi optio ratione veritatis. Modi dolores adipisci fugit explicabo neque. Aut ratione aut dolor iusto labore sunt et. Aspernatur beatae qui natus explicabo totam dolorem pariatur ut. Et adipisci provident ut quisquam temporibus modi.', 5, '2019-11-24 20:51:17', '2019-11-24 20:51:17'),
(81, 48, 'Benny Waelchi', 'Voluptas corporis incidunt numquam qui voluptas sint id. Minima voluptas itaque enim dolorum. Sunt est asperiores similique odit et harum aut adipisci.', 1, '2019-11-24 20:51:17', '2019-11-24 20:51:17'),
(82, 13, 'Brent Baumbach', 'Nesciunt commodi eaque doloremque quo explicabo in. Voluptate aut magnam nisi ipsam similique enim voluptate non.', 1, '2019-11-24 20:51:17', '2019-11-24 20:51:17'),
(83, 31, 'Jaron Hartmann', 'Provident est ipsa aut molestias architecto nobis earum. Delectus velit laudantium quod earum. Et itaque accusantium quia sit distinctio culpa. Unde est ea tempore totam quibusdam.', 4, '2019-11-24 20:51:17', '2019-11-24 20:51:17'),
(84, 23, 'Ed Murazik', 'Dolor rerum ratione et eum animi unde. Illum unde distinctio dolorem velit. Ducimus quis et maxime nesciunt voluptates aut. Sunt non ad eum.', 2, '2019-11-24 20:51:17', '2019-11-24 20:51:17'),
(85, 24, 'Prof. Roselyn Grimes', 'Ullam commodi officiis ut eius repellat porro. In sapiente est ipsum quod quod expedita. Quas iure labore magnam facere.', 3, '2019-11-24 20:51:17', '2019-11-24 20:51:17'),
(86, 20, 'Jesus Gaylord', 'Ad delectus provident similique quis sit. Molestiae dolor ipsam magni delectus. Omnis numquam est doloribus excepturi possimus. Nobis aut numquam ab excepturi quia. Repellendus nesciunt laborum labore ut voluptates.', 4, '2019-11-24 20:51:17', '2019-11-24 20:51:17'),
(87, 21, 'Alfredo Feest', 'Consequuntur est quibusdam aliquid cupiditate. Mollitia quo et nulla qui velit. Voluptas ab et delectus aut animi hic. Aut nostrum ut voluptates perferendis vel quo et.', 2, '2019-11-24 20:51:17', '2019-11-24 20:51:17'),
(88, 11, 'Prof. Lester Padberg MD', 'Est quis aut consectetur tenetur adipisci. Sint necessitatibus veritatis molestias. Atque voluptatem aperiam voluptas velit illum repudiandae. Omnis et quidem dolor et voluptas.', 1, '2019-11-24 20:51:17', '2019-11-24 20:51:17'),
(89, 14, 'Mckenzie Lakin Jr.', 'Qui voluptas quidem veritatis maiores magnam blanditiis minus. Quam minima iusto eos doloremque similique minima quam. Quis maiores ratione tempore repudiandae omnis voluptatem. Provident explicabo sequi et est.', 4, '2019-11-24 20:51:17', '2019-11-24 20:51:17'),
(90, 35, 'Nettie Stanton', 'Et quis sed nihil sed velit perferendis. Ut perspiciatis voluptatum sed aut sunt. Molestiae quia aut aut facere impedit voluptates. Omnis ipsa velit hic voluptatem magnam architecto.', 1, '2019-11-24 20:51:17', '2019-11-24 20:51:17'),
(91, 32, 'Ms. Adriana Herzog DDS', 'Voluptas error dignissimos rerum omnis harum quos sunt. Enim asperiores quod autem. Fugiat aut qui est modi minima. Eligendi omnis iste excepturi harum ea.', 1, '2019-11-24 20:51:17', '2019-11-24 20:51:17'),
(92, 17, 'Magali Stokes DDS', 'Rem veniam labore consequatur accusamus exercitationem dolorem. Cumque ratione dolorum autem qui veniam nihil. Sequi doloribus accusantium vero. Repudiandae adipisci delectus officiis deleniti similique in vero non.', 4, '2019-11-24 20:51:17', '2019-11-24 20:51:17'),
(93, 47, 'Burley Wiegand', 'Omnis ad et dolores voluptates incidunt qui explicabo. Ipsa et dolores pariatur sed dolore. Id corrupti saepe dolorem ratione excepturi nemo.', 0, '2019-11-24 20:51:17', '2019-11-24 20:51:17'),
(94, 5, 'Chandler Daniel', 'Ut reprehenderit autem eius error dolorum saepe. Voluptas est consequatur occaecati dolorem quia. Alias placeat odio hic rem nisi aliquam quod. Beatae quia et eaque corporis.', 4, '2019-11-24 20:51:17', '2019-11-24 20:51:17'),
(95, 11, 'Dr. Eulalia Emmerich', 'Est voluptatem reiciendis sint qui ipsa fuga repudiandae. Est atque hic molestiae molestiae facilis dolorem a inventore. Possimus quae voluptatem enim dolorum. Officia amet at commodi nisi rerum. Id nemo voluptates explicabo voluptatibus non.', 3, '2019-11-24 20:51:17', '2019-11-24 20:51:17'),
(96, 5, 'Maegan Daugherty II', 'Neque ut et hic ea exercitationem eum vero. Reprehenderit aut vitae minima doloribus consequatur necessitatibus.', 3, '2019-11-24 20:51:17', '2019-11-24 20:51:17'),
(97, 11, 'Dr. Minnie Stracke PhD', 'Illum quibusdam aut optio sed quos in maxime. Porro repudiandae iure voluptatem voluptatem. Quis incidunt iure non architecto harum sequi omnis at.', 0, '2019-11-24 20:51:17', '2019-11-24 20:51:17'),
(98, 17, 'Destini Zemlak', 'Hic fuga est et itaque voluptatem voluptatem. Veritatis maiores facilis quia molestiae qui sunt. Explicabo magnam voluptate quos illum ab. Maxime labore repudiandae itaque voluptatem possimus perspiciatis quas quos.', 3, '2019-11-24 20:51:17', '2019-11-24 20:51:17'),
(99, 38, 'Krystal Stoltenberg', 'Inventore veritatis maiores qui necessitatibus est ut voluptatibus commodi. Tenetur quas quidem fuga id ut sed voluptatem. Velit temporibus autem atque fugit quis ipsam eum. Sint beatae laboriosam magnam repellat sed expedita.', 5, '2019-11-24 20:51:17', '2019-11-24 20:51:17'),
(100, 34, 'Dr. Joel Frami III', 'Est dolore amet mollitia. Exercitationem ea reiciendis beatae enim. Sit omnis quis et rerum dignissimos iusto.', 2, '2019-11-24 20:51:17', '2019-11-24 20:51:17'),
(101, 40, 'Jed Moen', 'Quasi accusamus voluptatem expedita est doloribus. Tempore perspiciatis eum aut quia. Ut beatae officiis culpa alias sed. Voluptate magnam tenetur neque vel reprehenderit.', 3, '2019-11-24 20:51:17', '2019-11-24 20:51:17'),
(102, 11, 'Mr. Eddie Corwin', 'Et cupiditate dicta omnis consectetur dolores consectetur rerum inventore. Voluptatum perferendis quibusdam est quis est. Minus molestias omnis dolorum a minima sint fuga reiciendis. Voluptatem laborum vel natus architecto.', 4, '2019-11-24 20:51:17', '2019-11-24 20:51:17'),
(103, 14, 'Jordyn Murphy V', 'Ullam quidem sit aliquid enim mollitia molestiae. Explicabo quidem debitis rerum pariatur. Et est nisi ipsum et sunt.', 3, '2019-11-24 20:51:17', '2019-11-24 20:51:17'),
(104, 2, 'Mustafa Olson DDS', 'Error sit et tempora aut non. Perspiciatis enim qui ut nobis ut vero et. Laudantium enim at non aut sed.', 5, '2019-11-24 20:51:17', '2019-11-24 20:51:17'),
(105, 8, 'Elisha Fritsch', 'Corporis occaecati exercitationem quaerat. Voluptatem ea optio ipsam nesciunt ut. Quis eveniet omnis magni amet.', 1, '2019-11-24 20:51:17', '2019-11-24 20:51:17'),
(106, 2, 'Dr. Easton O\'Reilly MD', 'Deleniti sunt nulla veniam aut eligendi debitis. Voluptas neque nihil rerum vel consequatur. Similique molestias vitae id itaque dolores reiciendis voluptates.', 1, '2019-11-24 20:51:17', '2019-11-24 20:51:17'),
(107, 43, 'Dr. Marlee Windler II', 'Ab voluptatem voluptas qui magnam corrupti hic voluptas. Culpa porro distinctio itaque blanditiis. Sunt est est dolorem sed voluptates non non. Amet beatae sit dolor asperiores quidem.', 5, '2019-11-24 20:51:17', '2019-11-24 20:51:17'),
(108, 8, 'Sasha Wiza Jr.', 'Libero sed enim non rem numquam vel voluptatem qui. Voluptas velit rerum necessitatibus dolorem. Aut assumenda sunt saepe ex sint.', 5, '2019-11-24 20:51:17', '2019-11-24 20:51:17'),
(109, 33, 'Prof. Cordelia Witting Sr.', 'Delectus molestias quis possimus ut totam minima. Voluptates alias temporibus rerum sed atque numquam. Eveniet distinctio nisi excepturi voluptatem voluptates. Quo aut et corrupti molestiae veritatis voluptatem aliquid.', 3, '2019-11-24 20:51:17', '2019-11-24 20:51:17'),
(110, 20, 'Mrs. Larissa Nikolaus', 'Autem molestiae perferendis sequi et. Sunt recusandae totam aut libero reiciendis soluta. Aut sit dolorem deserunt eos et illo expedita. Quia rerum voluptas aperiam excepturi mollitia quia.', 5, '2019-11-24 20:51:17', '2019-11-24 20:51:17'),
(111, 8, 'Prof. Rogers Zulauf I', 'Dolorum quisquam dicta incidunt quia voluptatem et non. Tenetur ipsam blanditiis voluptas iure illum facilis. Sed neque et qui accusamus.', 0, '2019-11-24 20:51:17', '2019-11-24 20:51:17'),
(112, 47, 'Frankie Corwin', 'Voluptas et tempore et totam dolorem cupiditate. Ea omnis tempore accusamus possimus. Quod sunt et architecto voluptas.', 0, '2019-11-24 20:51:17', '2019-11-24 20:51:17'),
(113, 3, 'Abner Jenkins', 'Optio asperiores omnis quo qui non laborum. Facere similique animi quia omnis. Perferendis ab doloribus placeat dolor odit. Perspiciatis numquam debitis laborum qui officia.', 4, '2019-11-24 20:51:17', '2019-11-24 20:51:17'),
(114, 40, 'Caleigh Gutmann', 'Cum iusto aut consequatur eius quisquam. Quia accusamus repellat ea eligendi. Voluptas id dolorum magnam facere et reiciendis. Et molestiae voluptatibus aut ducimus maiores libero.', 1, '2019-11-24 20:51:17', '2019-11-24 20:51:17'),
(115, 39, 'Fatima Runte IV', 'Neque sapiente error voluptatem et. Perspiciatis quis sed saepe quo laboriosam perferendis magnam. Ipsum fugiat provident laborum natus pariatur ut maiores. Blanditiis est voluptas officia tempora a voluptatibus.', 3, '2019-11-24 20:51:17', '2019-11-24 20:51:17'),
(116, 24, 'Immanuel Lockman', 'Officiis eligendi aut et molestiae omnis illo. Ipsa expedita aut porro expedita aut expedita. Vero impedit architecto est facere ipsum rem magnam. Dolorum sed sit earum neque nihil.', 5, '2019-11-24 20:51:17', '2019-11-24 20:51:17'),
(117, 41, 'Junius Orn', 'Sit et eos velit quisquam necessitatibus. Commodi eos consequatur qui quis voluptates. Commodi ex amet esse voluptatem totam.', 2, '2019-11-24 20:51:17', '2019-11-24 20:51:17'),
(118, 19, 'Destin Fahey', 'Ipsam fugit quia eligendi aut. Atque rerum aut vitae. Est ducimus voluptates debitis quae ad laboriosam. Molestiae aut autem rerum ducimus in.', 3, '2019-11-24 20:51:17', '2019-11-24 20:51:17'),
(119, 18, 'Mr. Hiram Berge DVM', 'Eius animi ut tempora minima ut. Ad velit et quia voluptatem quo placeat repudiandae. Cumque necessitatibus sit ipsum et ea nisi. Dolorem saepe delectus sit amet et voluptas qui.', 2, '2019-11-24 20:51:17', '2019-11-24 20:51:17'),
(120, 12, 'Triston Waelchi', 'Incidunt dignissimos repellendus dolorum sunt. Ea sint fuga ipsum modi voluptatem et et. Consequuntur voluptatibus autem est unde totam.', 2, '2019-11-24 20:51:17', '2019-11-24 20:51:17'),
(121, 44, 'Dr. Darrick Keeling', 'Sed accusamus voluptatem nostrum minus. Sapiente dolore est excepturi distinctio sunt aut. Deleniti quo molestiae minima consectetur iste.', 3, '2019-11-24 20:51:17', '2019-11-24 20:51:17'),
(122, 44, 'Rodrigo Fritsch', 'Nobis autem nobis est expedita dolores ipsa. Maiores numquam consequuntur et ab ut optio reprehenderit. Placeat non ut ducimus et minima praesentium natus.', 1, '2019-11-24 20:51:17', '2019-11-24 20:51:17'),
(123, 15, 'Joe Yost II', 'Dolorem amet omnis molestiae exercitationem. Tempora aut esse et qui ut aut. Debitis praesentium sed sed minima sit adipisci.', 0, '2019-11-24 20:51:17', '2019-11-24 20:51:17'),
(124, 12, 'Bernice Tremblay V', 'Eaque aut repudiandae velit doloribus. Quia vitae blanditiis temporibus deleniti in voluptatem ratione odio. Rerum sit illum enim voluptates mollitia iste.', 5, '2019-11-24 20:51:17', '2019-11-24 20:51:17'),
(125, 45, 'Tristin Olson II', 'Quaerat labore quia eum quia quasi quia aut. Illum dignissimos aut ipsam nihil.', 3, '2019-11-24 20:51:17', '2019-11-24 20:51:17'),
(126, 45, 'Dr. Freda Botsford', 'Deleniti nemo qui omnis in nostrum possimus a. Amet similique error totam. Inventore quo molestiae eos voluptatum vitae dicta cupiditate. Voluptatem aut enim ab repudiandae laboriosam ea soluta error.', 4, '2019-11-24 20:51:17', '2019-11-24 20:51:17'),
(127, 31, 'Terrill Harvey', 'Adipisci rerum architecto adipisci reprehenderit et atque quaerat. Vel nesciunt et nesciunt sint earum. Qui eos architecto nisi beatae sequi et veritatis.', 2, '2019-11-24 20:51:17', '2019-11-24 20:51:17'),
(128, 42, 'Chelsey Dickinson', 'At et aliquid aliquid ea quidem. Sint quidem blanditiis quis a. Voluptas consequuntur rem cum expedita.', 2, '2019-11-24 20:51:17', '2019-11-24 20:51:17'),
(129, 6, 'Mr. Mike Goodwin II', 'Est magni minus sint asperiores doloribus. Et ut placeat aperiam. Ipsam beatae at vel ipsam est.', 5, '2019-11-24 20:51:17', '2019-11-24 20:51:17'),
(130, 48, 'Dr. Humberto Dare Sr.', 'Natus voluptates quibusdam ipsa recusandae sint consectetur et accusamus. Cumque ducimus asperiores quia et. Sequi pariatur officia tempore.', 3, '2019-11-24 20:51:17', '2019-11-24 20:51:17'),
(131, 32, 'Ayla Jacobi', 'Aut doloremque quaerat dolores pariatur. Qui iure quia quia ut laboriosam. Quae expedita architecto ipsum ut. Deserunt quasi reiciendis et est.', 5, '2019-11-24 20:51:17', '2019-11-24 20:51:17'),
(132, 19, 'Audreanne Mante', 'Minima aut eaque voluptatem autem unde omnis natus. Non dicta autem rem laudantium sed sunt rerum. Ut recusandae illo rerum itaque vel. Rerum tempora ratione architecto neque eaque dicta dolorem autem.', 3, '2019-11-24 20:51:17', '2019-11-24 20:51:17'),
(133, 16, 'Gerhard Hammes', 'Aut voluptatem saepe sit in dolore adipisci ut. Nihil et laudantium et dicta voluptate ipsum aut consequatur. Cumque iure molestiae quam nisi reiciendis sint. Maiores facilis consequatur molestiae ducimus fugiat accusantium et.', 4, '2019-11-24 20:51:17', '2019-11-24 20:51:17'),
(134, 19, 'Mrs. Pink Lind', 'Et eaque dolorem qui assumenda. Aliquid sequi sed ducimus et. Placeat vitae velit dicta alias et. Eaque fuga occaecati nemo non accusamus vel possimus occaecati.', 2, '2019-11-24 20:51:17', '2019-11-24 20:51:17'),
(135, 6, 'Miss Sallie Kuhn', 'Harum ducimus et ea temporibus error fugit. Est id corrupti amet velit consequatur. Provident et est aut. Ut quis rerum nihil in placeat minus officiis.', 1, '2019-11-24 20:51:17', '2019-11-24 20:51:17'),
(136, 1, 'Itzel Turcotte', 'Suscipit iusto odit cumque assumenda distinctio. Eos exercitationem aut omnis voluptas nam commodi. Non in minima sed fugiat voluptatem provident quaerat error. Nostrum omnis et architecto laborum omnis minus.', 2, '2019-11-24 20:51:17', '2019-11-24 20:51:17'),
(137, 27, 'Keaton Grimes DVM', 'Iure alias et fuga earum ducimus fugit dolor. Quasi omnis repellat ipsa aperiam culpa.', 2, '2019-11-24 20:51:17', '2019-11-24 20:51:17'),
(138, 36, 'Trycia Kirlin', 'Rem omnis asperiores vel unde dolore. Quaerat iure iste qui aut doloribus repudiandae. Rem aut expedita ut est sunt nisi cumque placeat. Nisi perferendis at non modi molestias illum. Et quam et voluptatem nemo tenetur labore perspiciatis.', 1, '2019-11-24 20:51:17', '2019-11-24 20:51:17'),
(139, 9, 'Dave Gerlach', 'Cum porro id iusto quae quod unde. Asperiores dolor omnis aut quia dolorem voluptatibus quia. Corporis a qui ullam vero odio quasi.', 5, '2019-11-24 20:51:17', '2019-11-24 20:51:17'),
(140, 43, 'Rodolfo Conn', 'Similique ut magni animi quidem odio. Reprehenderit commodi officia facere omnis aliquid. Similique labore in est placeat eius. Suscipit iure minus non amet modi.', 0, '2019-11-24 20:51:17', '2019-11-24 20:51:17'),
(141, 3, 'Albina Hansen I', 'Numquam doloremque est sed quod officia et. Aspernatur ea eaque soluta doloremque est. Et quae omnis molestiae et. Ut recusandae quod ut consectetur quia sed ipsa.', 3, '2019-11-24 20:51:17', '2019-11-24 20:51:17'),
(142, 15, 'Sheridan Sipes', 'Perferendis iusto praesentium error quaerat a deleniti perspiciatis. Voluptatum assumenda blanditiis eaque impedit eum molestiae voluptatem. Id aperiam id quae voluptates quisquam. Officiis aspernatur corrupti tempora doloribus.', 3, '2019-11-24 20:51:17', '2019-11-24 20:51:17'),
(143, 29, 'Cullen McClure', 'Id ut dolorem est perferendis eaque soluta. Laudantium est enim dolores sequi voluptatibus. Soluta commodi et dolor soluta.', 3, '2019-11-24 20:51:17', '2019-11-24 20:51:17'),
(144, 24, 'Destiny Stiedemann', 'Exercitationem distinctio quibusdam quos eum voluptas sint neque facilis. Saepe et dignissimos repellat corporis dolores sed modi. Pariatur nisi perspiciatis aut cumque autem aperiam dicta. Qui laboriosam voluptatem quam minima. Iusto dolor eum saepe ipsum eius nam voluptas.', 2, '2019-11-24 20:51:17', '2019-11-24 20:51:17'),
(145, 31, 'Mr. Fidel Larson', 'Voluptatem omnis dolore veritatis et aut impedit. Eveniet consequuntur incidunt tenetur nihil inventore.', 2, '2019-11-24 20:51:17', '2019-11-24 20:51:17'),
(146, 32, 'Mr. Mathew Luettgen III', 'Voluptatibus consequatur asperiores veniam doloribus doloribus. Aperiam odio vitae quis dolores. Inventore dicta neque dolor tempora iste rerum. Qui et voluptatum consequatur.', 5, '2019-11-24 20:51:17', '2019-11-24 20:51:17'),
(147, 49, 'Merlin Deckow', 'Quia sit et nobis atque omnis. Ad minus dolorem eos natus quos. Velit eligendi eum temporibus rerum debitis eos sed totam.', 5, '2019-11-24 20:51:17', '2019-11-24 20:51:17'),
(148, 7, 'Prof. Reid Grimes Sr.', 'Quia quaerat omnis eum dolor unde. Quae maiores quaerat quis odio. Non sed est ea. Debitis nisi incidunt nihil.', 0, '2019-11-24 20:51:17', '2019-11-24 20:51:17'),
(149, 7, 'Luna Runolfsdottir', 'Et ut pariatur consequuntur unde. Quae explicabo sed natus mollitia voluptatum animi enim. Pariatur et facere voluptas velit ut vel animi vero. Ut corporis numquam qui modi quam aut quia incidunt.', 1, '2019-11-24 20:51:17', '2019-11-24 20:51:17'),
(150, 6, 'Mikayla Funk', 'Voluptatibus consequatur similique qui et aspernatur aut voluptas. Ea voluptatem est sunt maxime aut nulla architecto. Sed ut veritatis id modi eveniet iure. Dolores sequi vitae numquam iusto aliquid odit.', 1, '2019-11-24 20:51:17', '2019-11-24 20:51:17'),
(151, 20, 'Ashly Pouros', 'Asperiores assumenda eius expedita quis eaque sit porro. Veniam ut impedit facilis ut.', 0, '2019-11-24 20:51:17', '2019-11-24 20:51:17'),
(152, 33, 'Andreanne Kovacek', 'Molestias aut ut eaque explicabo dicta. Nihil pariatur dolore est ex commodi illum necessitatibus. Ut omnis a voluptatem soluta et aut.', 5, '2019-11-24 20:51:17', '2019-11-24 20:51:17'),
(153, 11, 'Verla Krajcik', 'Autem officiis quod ut quo. Est voluptatem amet repellendus eius. Commodi perspiciatis eos sunt repellat omnis.', 3, '2019-11-24 20:51:17', '2019-11-24 20:51:17'),
(154, 29, 'Ruby Johnston', 'Nemo iure incidunt sed totam omnis. Iusto deserunt voluptatibus explicabo exercitationem dolor cupiditate suscipit. Ut suscipit ut sed nihil. Sit quibusdam enim autem et vel quaerat et.', 4, '2019-11-24 20:51:17', '2019-11-24 20:51:17'),
(155, 27, 'Timmothy Vandervort Jr.', 'Consequatur rerum quis ut voluptas qui est omnis eligendi. In debitis rerum facilis nam explicabo quidem. Iste et qui facere nemo rerum pariatur. Officia voluptatum saepe sit expedita. Deleniti et qui labore dicta.', 0, '2019-11-24 20:51:17', '2019-11-24 20:51:17'),
(156, 25, 'Laurianne Mohr', 'Optio dignissimos corporis fugiat fugiat. Aut distinctio eligendi rerum quia in quos. Accusamus qui temporibus et natus ut.', 5, '2019-11-24 20:51:17', '2019-11-24 20:51:17'),
(157, 9, 'Adelia Lesch', 'Aperiam quia doloremque minima. Sint beatae qui maxime. Placeat excepturi doloribus et amet et optio. Illo qui rerum velit voluptas sed.', 4, '2019-11-24 20:51:17', '2019-11-24 20:51:17'),
(158, 50, 'Prof. Joe Rodriguez', 'Molestiae qui rem ut provident adipisci eos sit quisquam. Vitae nostrum temporibus sint nisi iure. Voluptatibus quia qui voluptatem quas ea sed sint.', 0, '2019-11-24 20:51:17', '2019-11-24 20:51:17'),
(159, 10, 'Callie Marks', 'Suscipit voluptatibus facere voluptatum soluta cupiditate. Suscipit necessitatibus fugiat est tempore officia eius illum. Est molestias rerum voluptate voluptas qui similique beatae. Excepturi omnis sint dolor officia est recusandae.', 4, '2019-11-24 20:51:17', '2019-11-24 20:51:17'),
(160, 45, 'Kennith Kirlin', 'Vel voluptatibus quo a sunt. Eaque ut eos accusantium mollitia. Vero beatae fugit sed a veritatis. Quia quidem labore animi.', 0, '2019-11-24 20:51:17', '2019-11-24 20:51:17'),
(161, 49, 'Mrs. Edythe Luettgen II', 'Et doloremque molestias vel sunt. Consequatur praesentium quas sit aspernatur cum iste autem maiores. In tenetur hic praesentium adipisci exercitationem nemo id natus. Dolorum rerum aut expedita sint voluptatem.', 3, '2019-11-24 20:51:17', '2019-11-24 20:51:17'),
(162, 44, 'Hector Mayert', 'Sit sunt est et maiores non. Consequuntur et tempora ad. Ut et non est sed rerum.', 3, '2019-11-24 20:51:17', '2019-11-24 20:51:17'),
(163, 42, 'Mr. Mauricio Trantow II', 'Qui dolorem facilis consequatur. Odit quae rerum quia perferendis. Quas est aliquid saepe deleniti impedit.', 4, '2019-11-24 20:51:17', '2019-11-24 20:51:17'),
(164, 29, 'Freeman Kuphal', 'Recusandae quia perferendis quia et vel accusamus. Tempora facere consequatur voluptatibus quam aut. Cumque impedit facere quibusdam odio. A voluptatem numquam veniam voluptatibus dolor dolore aut.', 1, '2019-11-24 20:51:17', '2019-11-24 20:51:17'),
(165, 14, 'Britney Ryan III', 'Ad dolores sint similique quia. Atque sit est adipisci et totam quaerat. Accusantium consectetur voluptas explicabo rerum ex vero ipsa.', 5, '2019-11-24 20:51:17', '2019-11-24 20:51:17'),
(166, 47, 'Kamille Breitenberg', 'Quisquam earum debitis vel voluptates veniam aliquid quisquam. Molestiae incidunt expedita pariatur laboriosam. Labore tenetur ipsam aut earum. Molestiae repellat laborum aut culpa.', 2, '2019-11-24 20:51:17', '2019-11-24 20:51:17'),
(167, 9, 'Adella Hackett', 'Voluptas ea ut illo ut ut alias inventore. Accusamus vitae temporibus sint. Expedita quia quis dolores perferendis libero accusamus.', 1, '2019-11-24 20:51:17', '2019-11-24 20:51:17'),
(168, 42, 'Zion Farrell', 'Beatae voluptatibus eaque adipisci sint ut eaque porro beatae. Recusandae atque sapiente ut cupiditate odio veniam.', 5, '2019-11-24 20:51:17', '2019-11-24 20:51:17'),
(169, 30, 'Rodger Stiedemann', 'Ipsum dolorem eum velit necessitatibus. Repellendus eos iure dolores et qui. Rerum pariatur quod ut et distinctio quidem sit.', 5, '2019-11-24 20:51:17', '2019-11-24 20:51:17'),
(170, 40, 'Addison Kiehn', 'Magni nobis aperiam labore voluptas omnis modi ducimus. Ab sequi fugit error similique neque. Tempore enim incidunt quas ex ut consequuntur hic. Aliquam id ut sunt sapiente voluptates.', 4, '2019-11-24 20:51:17', '2019-11-24 20:51:17'),
(171, 34, 'Rusty Adams', 'Laborum ex et eveniet unde qui. Ut qui amet qui incidunt. Id vel voluptates saepe modi. Aut dolore praesentium minima qui quia officia magnam.', 5, '2019-11-24 20:51:17', '2019-11-24 20:51:17'),
(172, 44, 'Missouri Grimes', 'Vel adipisci officia et aut explicabo. A asperiores harum consequuntur quis dolore quis suscipit.', 3, '2019-11-24 20:51:17', '2019-11-24 20:51:17'),
(173, 32, 'Mr. Braxton Christiansen', 'Ea beatae reprehenderit veritatis. Cum a quas eum eligendi et. Nobis modi expedita facilis rerum quae eos. Est ut quia et consequatur magni.', 0, '2019-11-24 20:51:17', '2019-11-24 20:51:17'),
(174, 11, 'Erich Connelly', 'Cumque dicta sit ea maxime pariatur et non. Dolores quas facere iusto esse fugit. Natus itaque quia qui est. Doloribus doloribus sunt rem dolor quod voluptas.', 5, '2019-11-24 20:51:17', '2019-11-24 20:51:17'),
(175, 34, 'Prof. Nicholaus Koch V', 'Non fugiat asperiores ullam facilis facere eos. Dignissimos eligendi est dolor repudiandae. Et et quia sit tempore enim ut illum. Quis quod autem maiores quas dolores amet. Et quas ut expedita iste.', 5, '2019-11-24 20:51:17', '2019-11-24 20:51:17'),
(176, 32, 'Avis Ziemann', 'Consequuntur harum id qui reprehenderit quas. Et consectetur reiciendis porro quia. Et perferendis expedita eos. Ratione cumque veritatis enim nemo ratione dignissimos enim voluptatem.', 3, '2019-11-24 20:51:17', '2019-11-24 20:51:17'),
(177, 9, 'Bria Bauch', 'Nam nisi quo sint autem. Minima voluptatibus quam sunt dignissimos unde. Repudiandae qui dolor deserunt doloremque. Sunt voluptates tenetur vitae aut voluptatem quisquam.', 0, '2019-11-24 20:51:17', '2019-11-24 20:51:17'),
(178, 15, 'Melody Schmidt', 'Doloribus ab rerum sed qui qui. Vero aut modi velit consectetur quo vel facilis. Dolorum tempore suscipit provident et aut maxime rerum. Rerum ducimus autem quia aut veritatis dolores. Doloremque tempore soluta ex est.', 3, '2019-11-24 20:51:17', '2019-11-24 20:51:17'),
(179, 13, 'Nyasia Larson', 'Provident est voluptatem sunt necessitatibus aut quo et. Repellat iure est consequatur. Impedit dignissimos aliquam earum corrupti.', 2, '2019-11-24 20:51:17', '2019-11-24 20:51:17'),
(180, 32, 'Dillon O\'Hara', 'Nihil explicabo reprehenderit quis molestias odit repudiandae nam. Animi dignissimos voluptates deserunt beatae quibusdam qui.', 3, '2019-11-24 20:51:17', '2019-11-24 20:51:17'),
(181, 31, 'Alivia Schultz', 'Natus reiciendis quidem quis et. Sed et nostrum et. Tenetur quis dicta culpa placeat eligendi. Alias fugit omnis atque ut. Et vel eligendi velit rem.', 1, '2019-11-24 20:51:17', '2019-11-24 20:51:17'),
(182, 7, 'Drake Bailey', 'Autem aut similique nam rerum sed exercitationem reiciendis. Illo voluptates voluptatem accusamus harum. Ut et sed mollitia laboriosam. Culpa tempore rerum neque fugiat iste est sint.', 1, '2019-11-24 20:51:17', '2019-11-24 20:51:17'),
(183, 42, 'Gisselle Schmitt', 'Nihil temporibus nulla nulla quae alias aut dolor. Consectetur consequatur ut sed dolor. Veniam eligendi aspernatur ea harum.', 3, '2019-11-24 20:51:17', '2019-11-24 20:51:17'),
(184, 36, 'Rocky Blanda', 'Tenetur temporibus autem dolore id est quod officia incidunt. Et nisi illo nobis quia occaecati. Mollitia voluptas impedit facilis nisi nulla expedita qui adipisci. Voluptatum natus voluptatem quas non.', 4, '2019-11-24 20:51:17', '2019-11-24 20:51:17'),
(185, 40, 'Dorcas Breitenberg', 'Consectetur voluptatum similique nostrum sit molestiae velit veniam. Et esse maxime aut voluptate. Rerum magni ut non blanditiis dolore. Est occaecati perspiciatis corporis fuga.', 1, '2019-11-24 20:51:17', '2019-11-24 20:51:17'),
(186, 15, 'Darrin Stroman', 'Voluptatum fuga placeat illo iste amet. Eos aut ad beatae est omnis voluptatem dolorum. A nesciunt quo aut et officiis odio voluptas. Consectetur atque unde consequuntur nostrum quo voluptatem.', 2, '2019-11-24 20:51:17', '2019-11-24 20:51:17'),
(187, 14, 'Breana Yost', 'Unde laudantium debitis sit incidunt fuga quo. Et magni rerum qui similique nam. Et doloremque amet repellendus beatae. Rerum fugit quos saepe ut sit.', 3, '2019-11-24 20:51:17', '2019-11-24 20:51:17'),
(188, 20, 'Aglae Willms', 'Dolore voluptatibus tenetur doloribus perferendis recusandae. Consequatur facere dolorum quia quo. Debitis aperiam ipsa repudiandae. In in deserunt et cumque fugit.', 0, '2019-11-24 20:51:17', '2019-11-24 20:51:17'),
(189, 37, 'Ms. Eve Rolfson', 'Est aperiam molestias ipsa nesciunt velit fuga. Expedita dicta accusamus veritatis alias qui animi. Ut nisi non rerum quae repellat ipsum voluptatem.', 2, '2019-11-24 20:51:17', '2019-11-24 20:51:17'),
(190, 15, 'Juvenal Collins', 'Fuga et architecto ea. Qui esse architecto labore. Asperiores odit ea eveniet rerum quia.', 1, '2019-11-24 20:51:17', '2019-11-24 20:51:17'),
(191, 48, 'Mohamed Larson Jr.', 'Voluptatibus sit necessitatibus exercitationem molestias voluptas blanditiis. Sunt possimus dolorem maxime eaque qui eum nostrum dolor. Facere odit asperiores minus itaque. Aut ratione qui veniam voluptatem libero impedit.', 0, '2019-11-24 20:51:17', '2019-11-24 20:51:17'),
(192, 9, 'Odie Casper', 'Voluptas ratione ut eius ea. Aspernatur consequatur eaque quia vel iure beatae molestiae. Necessitatibus aut numquam sed sit vel aliquam neque. Repellat ratione numquam voluptatibus.', 5, '2019-11-24 20:51:17', '2019-11-24 20:51:17'),
(193, 12, 'Kayley Muller', 'Qui quos officia nisi cumque natus minima dolorem qui. Accusamus dolores ducimus aliquam in qui. Eveniet sit amet repellendus blanditiis consectetur.', 4, '2019-11-24 20:51:17', '2019-11-24 20:51:17'),
(194, 17, 'Dr. Kaycee Christiansen PhD', 'Veritatis veritatis voluptatem ullam saepe enim. Modi voluptatem sequi excepturi nihil. Occaecati aperiam aut repellendus.', 0, '2019-11-24 20:51:17', '2019-11-24 20:51:17'),
(195, 48, 'Mr. Deangelo Gleichner', 'Assumenda quia vero sunt praesentium perferendis labore animi. Vel ut ut voluptas eum non. Vitae accusamus ipsam et unde eum suscipit suscipit aliquam. Dolore voluptatem qui delectus sit voluptatem qui officia.', 1, '2019-11-24 20:51:17', '2019-11-24 20:51:17'),
(196, 22, 'Chadrick Hessel', 'Quia dicta provident ducimus et quis autem fuga repellat. Debitis accusamus quo et tempora magni et aspernatur. Voluptatem voluptas cum voluptates.', 4, '2019-11-24 20:51:17', '2019-11-24 20:51:17'),
(197, 28, 'Troy Mayert', 'Quia voluptatibus facilis aspernatur magni ut ut. Illo dolor dolorem ipsa et temporibus sequi nam. Sed molestias voluptatum animi reiciendis.', 1, '2019-11-24 20:51:17', '2019-11-24 20:51:17'),
(198, 2, 'Haleigh Okuneva', 'Repudiandae minus doloribus soluta non dolores nulla et. Quo qui sit illum itaque a voluptatem. Nesciunt sapiente est accusamus et temporibus debitis dolorem.', 5, '2019-11-24 20:51:17', '2019-11-24 20:51:17'),
(199, 2, 'Amelie Hauck', 'Nihil nam aliquam nihil officiis consequatur et rem quis. Laborum perspiciatis ut iusto cum nostrum excepturi. Maxime occaecati nemo quos cupiditate voluptatibus praesentium.', 5, '2019-11-24 20:51:17', '2019-11-24 20:51:17'),
(200, 24, 'Dr. Brook Shanahan MD', 'Suscipit earum non et id. Expedita tempora velit earum vitae perferendis. Est et occaecati soluta.', 3, '2019-11-24 20:51:17', '2019-11-24 20:51:17'),
(201, 13, 'Dr. Idell Morar', 'Inventore possimus qui non fugiat praesentium. Veniam nihil sunt sint sunt. Eos dolor deleniti sit fuga dolor odit. Ad mollitia sed voluptates culpa aliquid beatae.', 3, '2019-11-24 20:51:17', '2019-11-24 20:51:17'),
(202, 16, 'Abigale Luettgen', 'Dolorem labore ab voluptas consequatur enim. Magni quo et consequatur vel vel corrupti quia et. Expedita eos recusandae fugiat consequuntur sit omnis. Excepturi error dolor assumenda doloribus voluptas dolore. Optio earum vel magnam velit non voluptatem.', 3, '2019-11-24 20:51:17', '2019-11-24 20:51:17'),
(203, 16, 'Jameson Funk Sr.', 'Nostrum qui quod id rerum consequuntur reiciendis. Officiis eaque inventore nesciunt iusto quo numquam exercitationem. Vero provident dolor possimus aut perspiciatis quidem neque.', 3, '2019-11-24 20:51:17', '2019-11-24 20:51:17'),
(204, 31, 'Barrett Hirthe III', 'Sit exercitationem et enim rerum. Dolorum minima beatae quo molestias laudantium et vero. Tempore tenetur veniam tenetur iure.', 5, '2019-11-24 20:51:17', '2019-11-24 20:51:17'),
(205, 4, 'Mina Connelly', 'Voluptatem fugit explicabo ullam at. Illo id dignissimos dignissimos suscipit vel non. Laborum iusto totam ut aut illo labore aut non.', 1, '2019-11-24 20:51:17', '2019-11-24 20:51:17'),
(206, 38, 'Merlin Hayes', 'Aut repellat et sit quia sit. In vel sed in ratione quia qui dicta. Est voluptatum reprehenderit minus dolores magni repudiandae aut.', 4, '2019-11-24 20:51:17', '2019-11-24 20:51:17'),
(207, 29, 'Leatha Paucek', 'Cum voluptas eligendi neque atque quas labore. Veniam hic et aut non ipsa corporis. Reiciendis et est et. Dignissimos aut saepe voluptate atque.', 1, '2019-11-24 20:51:17', '2019-11-24 20:51:17');
INSERT INTO `reviews` (`id`, `product_id`, `customer`, `review`, `star`, `created_at`, `updated_at`) VALUES
(208, 5, 'Shaniya Streich', 'Eveniet ipsum est et. Ut reiciendis rerum non dolorem. Sed quam rerum enim voluptatibus iusto quisquam. Molestiae sed et suscipit veniam.', 0, '2019-11-24 20:51:17', '2019-11-24 20:51:17'),
(209, 34, 'Gabrielle Waelchi', 'Et suscipit sed voluptatem. Expedita quam ea voluptatem nihil facere doloribus aut perferendis. Cum tenetur porro et adipisci nemo. Asperiores quia temporibus quia omnis consequatur et accusantium.', 3, '2019-11-24 20:51:17', '2019-11-24 20:51:17'),
(210, 10, 'Denis Glover', 'Dolore laudantium est tempora et. Voluptatem placeat facilis accusamus voluptas nam optio qui minima. Sapiente ea ullam beatae alias quis. Eum est et animi.', 1, '2019-11-24 20:51:17', '2019-11-24 20:51:17'),
(211, 34, 'Sanford Treutel', 'Voluptatem vitae est error iste eveniet rerum. Maiores voluptas et est. Quis beatae vel id labore dolor. Dolor quisquam dolores dicta quo aut saepe.', 4, '2019-11-24 20:51:17', '2019-11-24 20:51:17'),
(212, 32, 'Mr. Arely Wisozk', 'Et omnis eos architecto est. Animi vero pariatur consequatur et adipisci est ipsa. Deleniti beatae veniam quia delectus nam eum. Est aperiam ipsam tempore deserunt omnis at aut.', 4, '2019-11-24 20:51:17', '2019-11-24 20:51:17'),
(213, 30, 'Prof. Cynthia Mayert', 'Excepturi sed hic perferendis aut ipsum fugit. Dignissimos eaque tempore accusantium sed omnis fugit. Inventore quis ex corrupti ducimus. Libero consectetur omnis et et consectetur in.', 3, '2019-11-24 20:51:17', '2019-11-24 20:51:17'),
(214, 37, 'Dr. Adah Batz V', 'Autem sit voluptatem consequatur saepe quo quos dolores. Nostrum deleniti accusamus voluptas quisquam maiores. Repellendus saepe tempora cupiditate eligendi temporibus alias. Ab et necessitatibus sapiente corporis unde aut magnam.', 3, '2019-11-24 20:51:17', '2019-11-24 20:51:17'),
(215, 50, 'Maximillia Nicolas DDS', 'Sint recusandae quisquam tempora. Saepe non impedit aut. Id iure debitis rerum natus incidunt ut earum.', 2, '2019-11-24 20:51:17', '2019-11-24 20:51:17'),
(216, 15, 'Miss Melisa Cassin PhD', 'Voluptatibus incidunt dolorem ut animi blanditiis corporis. Qui est nobis maiores est et. Repellat sit hic suscipit placeat rerum.', 5, '2019-11-24 20:51:17', '2019-11-24 20:51:17'),
(217, 34, 'Brionna Kemmer', 'Voluptatem molestiae ea non quo quo qui. Aut ratione explicabo voluptas molestias. Quas libero autem inventore.', 5, '2019-11-24 20:51:17', '2019-11-24 20:51:17'),
(218, 22, 'Chandler Nienow', 'Possimus odit nulla veritatis nobis. Sint nihil ut voluptatum deleniti distinctio. Aut qui odit quas labore dolores. Sit dignissimos sequi possimus.', 3, '2019-11-24 20:51:17', '2019-11-24 20:51:17'),
(219, 44, 'Clementine Homenick', 'Iusto assumenda voluptatibus et. Quia quis commodi cum qui debitis ut ad. Placeat ea est numquam ex nihil.', 4, '2019-11-24 20:51:17', '2019-11-24 20:51:17'),
(220, 27, 'Augustus Hackett', 'Itaque deserunt aut quasi odit. Quibusdam nisi eaque quaerat vel et asperiores provident. Voluptatem ut tempora voluptatibus nihil. Commodi ullam sunt a.', 2, '2019-11-24 20:51:17', '2019-11-24 20:51:17'),
(221, 24, 'Miss Charity Kutch DDS', 'Porro est culpa voluptatem quaerat ut. Ea deleniti molestiae rerum blanditiis ipsa magni.', 0, '2019-11-24 20:51:17', '2019-11-24 20:51:17'),
(222, 50, 'Prof. Vena Littel', 'Deserunt quo blanditiis aut omnis. Cumque nisi provident velit cum nobis ut repudiandae rem. Ipsum consequatur odit expedita est quibusdam dignissimos.', 5, '2019-11-24 20:51:17', '2019-11-24 20:51:17'),
(223, 25, 'Prof. Arjun Muller II', 'Culpa ipsa sed porro quibusdam dolor perspiciatis est. Exercitationem et est suscipit.', 4, '2019-11-24 20:51:17', '2019-11-24 20:51:17'),
(224, 48, 'Yasmeen Stark', 'Animi nesciunt occaecati saepe doloremque consequuntur. Est minus qui fugiat est adipisci voluptas. Repellat molestiae est quia illo nobis velit. Ut et voluptatem quod est iusto hic sit. Facilis officia iure tempora earum.', 1, '2019-11-24 20:51:17', '2019-11-24 20:51:17'),
(225, 43, 'Floy Dicki MD', 'Blanditiis excepturi accusantium et dolores molestias autem est. Qui aut qui et quia. Ipsam quae harum ipsa autem eaque et explicabo.', 3, '2019-11-24 20:51:17', '2019-11-24 20:51:17'),
(226, 36, 'Miss Wilma Watsica', 'Illum nostrum eius deserunt optio blanditiis placeat et. Non voluptate expedita et sequi quibusdam voluptate. Ut est porro velit rerum perferendis voluptas qui.', 4, '2019-11-24 20:51:17', '2019-11-24 20:51:17'),
(227, 41, 'Dr. Carmela Lowe IV', 'Nemo eos ullam quo magnam voluptates voluptas et. Vel cumque autem doloremque doloremque natus. Optio dolorem ad assumenda corporis quia a. Sapiente similique aut architecto qui non.', 4, '2019-11-24 20:51:17', '2019-11-24 20:51:17'),
(228, 48, 'Mr. Marty Upton', 'Eius nulla voluptatum nostrum. Rem saepe tenetur neque impedit expedita nobis. Assumenda est magni quasi. Nesciunt et et soluta quisquam alias error eligendi ullam.', 3, '2019-11-24 20:51:17', '2019-11-24 20:51:17'),
(229, 18, 'Ms. Jordane Carroll', 'Eveniet vel molestiae deserunt nam aperiam perspiciatis porro labore. Laborum voluptas minus sapiente tenetur deleniti temporibus. Facilis illum sunt excepturi sit ut. Facere atque omnis et aut sapiente.', 5, '2019-11-24 20:51:17', '2019-11-24 20:51:17'),
(230, 46, 'Eulalia Emmerich', 'Facilis libero ut magni modi sunt quis pariatur. Est nihil aut a non ut. Quia saepe id repellat nihil quis repellendus.', 0, '2019-11-24 20:51:17', '2019-11-24 20:51:17'),
(231, 35, 'Prof. Adonis Kuvalis', 'Pariatur consectetur et dolorem expedita placeat harum non. Aperiam reiciendis dolor consequatur nihil fugit ut. Commodi cupiditate est fuga aperiam vitae.', 5, '2019-11-24 20:51:17', '2019-11-24 20:51:17'),
(232, 22, 'Buck Goyette DVM', 'Non quidem numquam autem iste eum. Consequatur magnam sapiente ut nulla dolor. Occaecati itaque quo hic placeat quia eaque. Tenetur enim blanditiis omnis expedita nostrum aut.', 5, '2019-11-24 20:51:17', '2019-11-24 20:51:17'),
(233, 32, 'Shirley Wolff', 'Temporibus optio quas aut. Molestias pariatur et eum. Officia assumenda corrupti omnis est. Ut nihil tempore soluta non fuga cupiditate.', 2, '2019-11-24 20:51:17', '2019-11-24 20:51:17'),
(234, 34, 'Jazmyne Boehm', 'Cumque aut asperiores tempora officiis cupiditate et illum enim. Ut ut molestiae veritatis voluptate. Necessitatibus et alias libero rerum fugit quae unde. Iure ut repellendus sed ea.', 5, '2019-11-24 20:51:17', '2019-11-24 20:51:17'),
(235, 14, 'Miss Kaya Tillman', 'Doloremque quibusdam enim voluptatibus nam debitis et voluptatum. Non dolorem quas unde nihil aliquam illum. Qui cupiditate animi sed nam dolorum et. Perspiciatis officia alias laboriosam at.', 2, '2019-11-24 20:51:17', '2019-11-24 20:51:17'),
(236, 31, 'Brad Kuhn', 'Repellat quo odio veniam ut rem. Aut maiores non magni et quidem. Maxime et eaque repudiandae voluptatum vel fuga. Quos ea molestiae omnis minima.', 3, '2019-11-24 20:51:17', '2019-11-24 20:51:17'),
(237, 24, 'Abbigail Beatty', 'Voluptatem consectetur placeat sit ducimus nam. Et pariatur debitis quia voluptas quidem et debitis. Vel voluptatem facilis quasi.', 1, '2019-11-24 20:51:17', '2019-11-24 20:51:17'),
(238, 45, 'Carole O\'Keefe', 'Vel praesentium dicta maiores quam reprehenderit repellendus porro. Dignissimos quia aut aut dignissimos quis libero. Quis pariatur est mollitia minus.', 5, '2019-11-24 20:51:17', '2019-11-24 20:51:17'),
(239, 47, 'Pablo Bartoletti', 'Autem illo quo a accusamus. Unde esse enim sit et. Et nam non provident ipsum. Neque earum possimus rem voluptatem.', 3, '2019-11-24 20:51:17', '2019-11-24 20:51:17'),
(240, 11, 'Mr. Turner Wiegand', 'Laboriosam laboriosam nihil est excepturi et ab fugit voluptatem. Reprehenderit et autem ut alias vel. Harum autem aspernatur ad aperiam.', 0, '2019-11-24 20:51:17', '2019-11-24 20:51:17'),
(241, 35, 'Dovie Hickle', 'Laborum aut beatae ratione fugiat et eos sint. Quas temporibus temporibus neque dolor deleniti nemo. Eveniet officiis minima est eius nam animi.', 2, '2019-11-24 20:51:17', '2019-11-24 20:51:17'),
(242, 15, 'Madeline Mertz', 'Veniam et dolores possimus assumenda ex consectetur. Fugiat officia ut et blanditiis. Deserunt voluptas mollitia et doloremque temporibus officia recusandae adipisci.', 4, '2019-11-24 20:51:17', '2019-11-24 20:51:17'),
(243, 13, 'Prof. Cory Heidenreich IV', 'Ipsam qui voluptates nobis a. Earum libero iusto in unde aperiam. Est dolores autem quia est optio quia.', 0, '2019-11-24 20:51:17', '2019-11-24 20:51:17'),
(244, 37, 'Ezra Franecki', 'Distinctio doloribus est dolorem et soluta. Praesentium eveniet optio ducimus. Natus magnam nisi quia. Dignissimos debitis numquam facere et corporis et culpa.', 2, '2019-11-24 20:51:17', '2019-11-24 20:51:17'),
(245, 23, 'Francisca Hodkiewicz Jr.', 'Non omnis suscipit possimus adipisci quia minus est libero. Aspernatur provident qui nemo dolore et voluptatem aut. Enim tempora labore facilis ut omnis quidem eligendi exercitationem. Ipsa odio ut iusto corrupti doloribus.', 5, '2019-11-24 20:51:17', '2019-11-24 20:51:17'),
(246, 39, 'Dr. Cletus Hand', 'Molestiae atque quis ut quisquam numquam. Commodi nulla hic incidunt rerum ad harum molestias. Consectetur ut vitae cum totam incidunt fuga. Iste vero fugiat est sed.', 3, '2019-11-24 20:51:17', '2019-11-24 20:51:17'),
(247, 43, 'Olga Weber', 'Provident quibusdam iusto aperiam porro. Quis libero quasi quis reprehenderit eum velit perferendis. Ea quia ut libero amet. Doloribus rerum occaecati quo nostrum et blanditiis.', 5, '2019-11-24 20:51:17', '2019-11-24 20:51:17'),
(248, 15, 'Dr. Kyra Pagac I', 'Pariatur et quo nam velit non. Modi odio doloremque expedita. Sunt vero voluptate enim voluptatem voluptates vero consequuntur animi. Est rerum ad nobis nulla ut molestiae impedit.', 3, '2019-11-24 20:51:17', '2019-11-24 20:51:17'),
(249, 42, 'Lila Turner', 'Debitis reiciendis dolorem ipsum aut expedita. Dolorum impedit modi voluptate optio numquam sed omnis. Et enim beatae voluptas quisquam. Aut vitae consequatur omnis quo consectetur officiis ut.', 3, '2019-11-24 20:51:17', '2019-11-24 20:51:17'),
(250, 43, 'Adaline Graham', 'Nihil cupiditate dolorem exercitationem velit. Quia repellendus debitis explicabo mollitia.', 2, '2019-11-24 20:51:17', '2019-11-24 20:51:17'),
(251, 12, 'Dr. Vincenzo Mante', 'Sunt voluptas voluptatum ut omnis consequatur. Incidunt amet voluptatem libero voluptates beatae. Voluptatum veniam eum magnam voluptate.', 1, '2019-11-24 20:51:17', '2019-11-24 20:51:17'),
(252, 11, 'Kaylie Lynch', 'Eum aut laboriosam eum possimus voluptatem inventore. Reprehenderit quidem maxime vel. Facere et in dolorem et. Vitae quisquam totam laborum debitis. Fuga totam est nisi ut.', 1, '2019-11-24 20:51:17', '2019-11-24 20:51:17'),
(253, 12, 'Bill Rosenbaum', 'Officia voluptas saepe molestias optio enim odit. Deleniti itaque praesentium nihil aut voluptate sit perspiciatis. Provident consequatur esse rerum soluta. Soluta provident eos est quia dolorum.', 0, '2019-11-24 20:51:17', '2019-11-24 20:51:17'),
(254, 4, 'Mrs. Cassandre Daniel', 'Aut reprehenderit ut rem quo nam. Ex culpa illum veniam natus ratione. Voluptatibus qui eos ut dolorem quasi. Sapiente aspernatur excepturi labore.', 3, '2019-11-24 20:51:17', '2019-11-24 20:51:17'),
(255, 6, 'Enola Nolan', 'Alias voluptate blanditiis voluptate est. Consequatur earum esse veritatis quia sed ratione. Et delectus consequuntur modi ea sed. Fugit id enim sit.', 0, '2019-11-24 20:51:17', '2019-11-24 20:51:17'),
(256, 19, 'Mr. Fabian Graham MD', 'Voluptatem sit sit reprehenderit eum. Quo soluta quaerat blanditiis consectetur. Consequuntur hic et culpa ab laborum exercitationem eum.', 3, '2019-11-24 20:51:17', '2019-11-24 20:51:17'),
(257, 26, 'Dennis Reichel', 'Vitae rerum perspiciatis aut quia voluptas asperiores voluptas. Odit nihil eius dignissimos facilis numquam nemo. Exercitationem et assumenda ea quaerat odio aut eaque. Molestiae ea eum corrupti voluptas sit eos.', 2, '2019-11-24 20:51:17', '2019-11-24 20:51:17'),
(258, 29, 'Marta Lemke', 'Blanditiis pariatur omnis iure vero quis voluptatum soluta. Quasi consequatur vero laboriosam. Ex laudantium et ipsum est. Qui a et praesentium consectetur est.', 4, '2019-11-24 20:51:17', '2019-11-24 20:51:17'),
(259, 30, 'Mr. Carol Rippin Jr.', 'Maxime nesciunt porro velit. Quia alias saepe rerum explicabo. Nam sit aut doloribus quis aut.', 0, '2019-11-24 20:51:17', '2019-11-24 20:51:17'),
(260, 15, 'Elenora Metz', 'Et praesentium facere necessitatibus ut est corporis ipsa. Vitae aliquam debitis doloremque a id. Asperiores odit sunt perspiciatis et voluptate placeat quia.', 1, '2019-11-24 20:51:17', '2019-11-24 20:51:17'),
(261, 14, 'Mr. Caleb Tillman III', 'Eos non eum animi et sint at recusandae. Aut fuga rem voluptas illum. Aperiam aut ducimus dignissimos labore ratione quae voluptatem. Enim expedita at sit. Est reiciendis numquam perferendis nostrum hic recusandae.', 3, '2019-11-24 20:51:17', '2019-11-24 20:51:17'),
(262, 20, 'Krista Daniel', 'Nostrum nulla dolorem iste officiis dolorem et. Quo quo aliquam sit est similique omnis nulla. Culpa doloribus sed aperiam odio. Molestiae repellat sint eos saepe illum. Voluptates neque labore id eos suscipit qui placeat.', 4, '2019-11-24 20:51:17', '2019-11-24 20:51:17'),
(263, 24, 'Kamron Welch', 'Et itaque illum aspernatur inventore consequuntur. Quasi error nulla commodi ea saepe. Debitis eos aut qui ut et temporibus.', 4, '2019-11-24 20:51:17', '2019-11-24 20:51:17'),
(264, 50, 'Prof. Cecil Schaden', 'Nesciunt ut voluptate quo et rerum temporibus. Est tenetur vero dolores aut. Rem aperiam voluptatum incidunt reprehenderit.', 3, '2019-11-24 20:51:17', '2019-11-24 20:51:17'),
(265, 5, 'Petra Smitham', 'Sunt voluptatem quidem minus doloremque ex velit recusandae. Fuga ea sed et repudiandae. Aliquam molestias qui enim enim ducimus commodi unde.', 0, '2019-11-24 20:51:17', '2019-11-24 20:51:17'),
(266, 8, 'Prof. Hubert Durgan', 'Voluptate culpa aut hic quo minus nesciunt. Ullam accusamus eum sit ullam sint expedita labore laudantium.', 1, '2019-11-24 20:51:17', '2019-11-24 20:51:17'),
(267, 39, 'Dino Corwin', 'Est assumenda rerum voluptates enim et aut praesentium. Commodi vero perferendis facilis eveniet. Sed qui et et est.', 1, '2019-11-24 20:51:17', '2019-11-24 20:51:17'),
(268, 14, 'Florian Satterfield', 'Itaque laboriosam nostrum distinctio eos vitae. Repellat consequatur autem beatae. Rem magnam itaque distinctio cupiditate voluptatibus velit quia. Non rem nihil quae reprehenderit.', 4, '2019-11-24 20:51:17', '2019-11-24 20:51:17'),
(269, 33, 'Prof. Abe Hilpert PhD', 'Commodi tempore ullam possimus vitae odit consequatur. Aut numquam est at corrupti aperiam. Nobis nesciunt voluptates quia nemo assumenda sequi a. Qui et iste harum quaerat aut nam ad.', 3, '2019-11-24 20:51:17', '2019-11-24 20:51:17'),
(270, 50, 'Abraham Reichert DDS', 'Itaque et quam et molestias eveniet. Numquam qui odit repellat sunt nulla dolores. Ut autem recusandae quaerat iusto. Quisquam voluptatum voluptas aspernatur et qui iusto.', 0, '2019-11-24 20:51:17', '2019-11-24 20:51:17'),
(271, 4, 'Nannie Vandervort', 'Repellendus harum iusto nulla ut. Et ipsum nobis enim aut non. Est excepturi porro itaque. Optio error dolorum cumque occaecati vero est atque.', 5, '2019-11-24 20:51:17', '2019-11-24 20:51:17'),
(272, 11, 'Hilbert Mayert III', 'Perferendis ex perferendis veniam sapiente ducimus incidunt occaecati possimus. Rerum non est unde molestias molestiae qui eos. Dolor et sed sequi expedita temporibus. Qui excepturi hic et inventore vel.', 4, '2019-11-24 20:51:17', '2019-11-24 20:51:17'),
(273, 45, 'Ms. Hailee Russel', 'Laborum ipsa voluptatem harum. Aspernatur nobis ut hic nobis. Et distinctio et rerum. Et ad debitis eum asperiores eius suscipit asperiores.', 1, '2019-11-24 20:51:17', '2019-11-24 20:51:17'),
(274, 23, 'Sonya Kihn', 'Est magni eos itaque accusamus illo qui. Nihil aut nobis officiis facilis consequatur magni. At ut est asperiores blanditiis. Illum autem quo non est harum voluptate odit ullam.', 2, '2019-11-24 20:51:17', '2019-11-24 20:51:17'),
(275, 32, 'Carolyne Nader V', 'Dolorem impedit voluptas qui ut deserunt enim nisi deserunt. Sunt aut recusandae reprehenderit magnam. Optio voluptatibus debitis debitis. Atque rerum sequi consectetur deserunt iure illo aut.', 0, '2019-11-24 20:51:17', '2019-11-24 20:51:17'),
(276, 3, 'Miss Destini Hoeger V', 'Odit facere velit optio est. Pariatur sint et qui soluta. Mollitia id atque et totam praesentium facere atque. Distinctio unde veritatis aut debitis temporibus ut odit debitis.', 4, '2019-11-24 20:51:17', '2019-11-24 20:51:17'),
(277, 48, 'Otilia Weimann', 'Aliquid et aut pariatur sint beatae. Et ducimus qui hic tempore et voluptatibus. In quos eum impedit est maiores. Aut eum dolores iure delectus excepturi ducimus.', 2, '2019-11-24 20:51:17', '2019-11-24 20:51:17'),
(278, 37, 'Lois Aufderhar', 'Qui iure rerum cum at rerum dolores similique qui. Officiis inventore eveniet ut officiis dolore illum et. Consectetur blanditiis commodi omnis rerum temporibus. Est ullam voluptatem atque provident a.', 5, '2019-11-24 20:51:17', '2019-11-24 20:51:17'),
(279, 23, 'Mrs. Reina Runolfsdottir PhD', 'Enim suscipit temporibus sequi similique dolor repellat qui. Quidem deleniti ut suscipit delectus aut. Nam et ipsam officia consequatur pariatur ab. Est provident hic voluptate qui est explicabo nemo cupiditate.', 4, '2019-11-24 20:51:17', '2019-11-24 20:51:17'),
(280, 43, 'Josue Bergnaum DVM', 'Iste illum alias perferendis repellat et. Numquam repellendus ullam laborum architecto sunt nihil. Adipisci excepturi culpa iure veniam ut molestiae qui et.', 5, '2019-11-24 20:51:17', '2019-11-24 20:51:17'),
(281, 9, 'Warren Gutkowski', 'Blanditiis totam autem temporibus sunt voluptatem voluptatem vel. Explicabo eos ut molestiae in dolore dignissimos ut qui.', 5, '2019-11-24 20:51:17', '2019-11-24 20:51:17'),
(282, 30, 'Luigi Pollich', 'Eos perspiciatis rem explicabo fugit iste. Ut minus totam asperiores tenetur facere aperiam eum temporibus. Esse provident aut ipsa. Iusto ipsum reprehenderit aut quis facere.', 4, '2019-11-24 20:51:17', '2019-11-24 20:51:17'),
(283, 36, 'Mr. Giles Ondricka DVM', 'Necessitatibus et et sunt. Laborum ut minus assumenda eligendi dolorem.', 2, '2019-11-24 20:51:17', '2019-11-24 20:51:17'),
(284, 31, 'Franz Kilback MD', 'Facere dolore sed sed qui. Dolor veniam eum aut eius sint magni a rerum.', 3, '2019-11-24 20:51:17', '2019-11-24 20:51:17'),
(285, 47, 'Dr. Cary Pollich', 'Et voluptas quos et dolor harum quis. Consequatur quae quia ex ratione id et amet adipisci. Accusamus mollitia consequatur aperiam quia.', 5, '2019-11-24 20:51:17', '2019-11-24 20:51:17'),
(286, 3, 'Mr. Joaquin Crona', 'Fugiat in architecto vero odio dolor sed expedita. Modi cumque necessitatibus at porro aut reiciendis et. Excepturi quidem nihil quos omnis vitae dolor.', 0, '2019-11-24 20:51:17', '2019-11-24 20:51:17'),
(287, 26, 'Lina Boyer', 'Expedita a est consequatur vel est. Sapiente dolores eius explicabo est quis est ad. Consectetur sed aut non rerum cumque.', 0, '2019-11-24 20:51:17', '2019-11-24 20:51:17'),
(288, 28, 'Dillan Reilly', 'Culpa ea soluta beatae rem. Et minima consequuntur ut eum. Earum quibusdam nostrum voluptates sit ea ullam.', 5, '2019-11-24 20:51:17', '2019-11-24 20:51:17'),
(289, 10, 'Maximilian Welch', 'Unde praesentium voluptas quia. Laboriosam molestiae accusamus ex magni.', 0, '2019-11-24 20:51:17', '2019-11-24 20:51:17'),
(290, 18, 'Alberta McCullough MD', 'Quia quidem qui quos occaecati quidem et et sint. Aliquam voluptatem voluptas molestiae ipsa recusandae. Nostrum fugiat est dicta qui. Nam asperiores iste laborum sint suscipit maxime sit quae.', 3, '2019-11-24 20:51:17', '2019-11-24 20:51:17'),
(291, 21, 'Ms. Estrella Jerde', 'Fugit est atque non. Repellendus asperiores necessitatibus qui a iusto modi. Vero ut ut facilis molestias dolor beatae. Et quia autem corrupti qui saepe omnis.', 2, '2019-11-24 20:51:17', '2019-11-24 20:51:17'),
(292, 7, 'Macy Stark IV', 'Ullam ipsum in quidem illo voluptates. Est placeat qui temporibus vitae. Perferendis est omnis et consequatur laborum dolorem voluptas. Quibusdam perferendis sint aliquam. Qui ut animi error.', 3, '2019-11-24 20:51:17', '2019-11-24 20:51:17'),
(293, 18, 'Lilyan Kilback III', 'Architecto quod esse eius quo iure pariatur suscipit. Pariatur et omnis ipsa sapiente non repudiandae. Assumenda hic eos sed repellendus eius qui asperiores. Assumenda cum vero non non optio.', 1, '2019-11-24 20:51:17', '2019-11-24 20:51:17'),
(294, 26, 'Alivia Hammes', 'Facilis corrupti beatae dolore doloribus. Possimus voluptatum ut neque iste odio debitis quaerat repellat. Omnis et aliquam corrupti inventore aperiam omnis.', 4, '2019-11-24 20:51:17', '2019-11-24 20:51:17'),
(295, 42, 'Miss Marie Keeling V', 'Quis quia autem et. Totam voluptatum iusto fugit omnis. Cupiditate voluptatem et quaerat odit alias et reprehenderit possimus. Totam maxime et rerum qui aut ducimus.', 4, '2019-11-24 20:51:17', '2019-11-24 20:51:17'),
(296, 4, 'Miss Millie Hayes', 'Tenetur reiciendis adipisci aut laboriosam quo ea. Aperiam dolor repudiandae ut ut. Molestiae et accusantium aliquam ipsum. Officia dolorem blanditiis quidem similique tenetur quis quam ut.', 1, '2019-11-24 20:51:17', '2019-11-24 20:51:17'),
(297, 38, 'Oscar Kessler DDS', 'Et voluptatem magnam esse voluptatum voluptatibus eos est tenetur. Repellat ab ea eos iusto exercitationem itaque. Dolore enim non labore recusandae possimus.', 2, '2019-11-24 20:51:17', '2019-11-24 20:51:17'),
(298, 41, 'Jaquan Cummerata', 'Dolorum laboriosam ea itaque in veniam ut. Distinctio sint ratione officia nobis. Nihil accusantium consequatur nulla nam et. Dolor dolorem omnis illo incidunt harum aliquam.', 5, '2019-11-24 20:51:17', '2019-11-24 20:51:17'),
(299, 1, 'Mazie Wuckert', 'Alias facilis et mollitia suscipit sint expedita distinctio. Quas numquam ut provident optio quia omnis. Doloremque id vel quam perspiciatis quis qui nostrum nam. Eius incidunt animi rerum sit odit saepe.', 3, '2019-11-24 20:51:17', '2019-11-24 20:51:17'),
(300, 43, 'Danielle Reinger DVM', 'Quasi aut quos ut quas et et. Deserunt praesentium et provident illo repellat cumque. Rem repudiandae illum dicta aut.', 2, '2019-11-24 20:51:17', '2019-11-24 20:51:17');

-- --------------------------------------------------------

--
-- Table structure for table `users`
--

CREATE TABLE `users` (
  `id` bigint(20) UNSIGNED NOT NULL,
  `name` varchar(191) COLLATE utf8_unicode_ci NOT NULL,
  `email` varchar(191) COLLATE utf8_unicode_ci NOT NULL,
  `email_verified_at` timestamp NULL DEFAULT NULL,
  `password` varchar(191) COLLATE utf8_unicode_ci NOT NULL,
  `remember_token` varchar(100) COLLATE utf8_unicode_ci DEFAULT NULL,
  `created_at` timestamp NULL DEFAULT NULL,
  `updated_at` timestamp NULL DEFAULT NULL
) ENGINE=InnoDB DEFAULT CHARSET=utf8 COLLATE=utf8_unicode_ci;

--
-- Indexes for dumped tables
--

--
-- Indexes for table `migrations`
--
ALTER TABLE `migrations`
  ADD PRIMARY KEY (`id`);

--
-- Indexes for table `password_resets`
--
ALTER TABLE `password_resets`
  ADD KEY `password_resets_email_index` (`email`);

--
-- Indexes for table `products`
--
ALTER TABLE `products`
  ADD PRIMARY KEY (`id`);

--
-- Indexes for table `reviews`
--
ALTER TABLE `reviews`
  ADD PRIMARY KEY (`id`),
  ADD KEY `reviews_product_id_foreign` (`product_id`);

--
-- Indexes for table `users`
--
ALTER TABLE `users`
  ADD PRIMARY KEY (`id`),
  ADD UNIQUE KEY `users_email_unique` (`email`);

--
-- AUTO_INCREMENT for dumped tables
--

--
-- AUTO_INCREMENT for table `migrations`
--
ALTER TABLE `migrations`
  MODIFY `id` int(10) UNSIGNED NOT NULL AUTO_INCREMENT, AUTO_INCREMENT=9;

--
-- AUTO_INCREMENT for table `products`
--
ALTER TABLE `products`
  MODIFY `id` int(10) UNSIGNED NOT NULL AUTO_INCREMENT, AUTO_INCREMENT=51;

--
-- AUTO_INCREMENT for table `reviews`
--
ALTER TABLE `reviews`
  MODIFY `id` bigint(20) UNSIGNED NOT NULL AUTO_INCREMENT, AUTO_INCREMENT=301;

--
-- AUTO_INCREMENT for table `users`
--
ALTER TABLE `users`
  MODIFY `id` bigint(20) UNSIGNED NOT NULL AUTO_INCREMENT;

--
-- Constraints for dumped tables
--

--
-- Constraints for table `reviews`
--
ALTER TABLE `reviews`
  ADD CONSTRAINT `reviews_product_id_foreign` FOREIGN KEY (`product_id`) REFERENCES `products` (`id`) ON DELETE CASCADE;
COMMIT;

/*!40101 SET CHARACTER_SET_CLIENT=@OLD_CHARACTER_SET_CLIENT */;
/*!40101 SET CHARACTER_SET_RESULTS=@OLD_CHARACTER_SET_RESULTS */;
/*!40101 SET COLLATION_CONNECTION=@OLD_COLLATION_CONNECTION */;
